country,state,state_name,year,month,sentiment,Total,Negative,Neutral,Positive,LDA,NMF,LDA_0,LDA_1,LDA_2,LDA_3,LDA_4,LDA_5,LDA_6,LDA_7,LDA_8,LDA_9,NMF_0,NMF_1,NMF_2,NMF_3,NMF_4,NMF_5,NMF_6,NMF_7,NMF_8,NMF_9,words,freq
USA,AK,Alaska,2020,01,0.1037037037037037,9,1.0,4.0,4.0,0,6,4.0,0.0,0.0,0.0,1.0,0.0,1.0,0.0,3.0,0.0,0.0,0.0,2.0,0.0,2.0,1.0,3.0,0.0,1.0,0.0,"['people' 'zero' 'like' 'attention' 'bit' 'case' 'cases' 'cdc' 'center'
 'china']",[4 3 2 1 1 1 1 1 1 1]
USA,AK,Alaska,2020,02,-0.009298566017316021,32,10.0,13.0,9.0,8,1,6.0,4.0,2.0,3.0,0.0,0.0,1.0,0.0,15.0,1.0,6.0,10.0,5.0,0.0,2.0,3.0,2.0,1.0,0.0,3.0,['flu' 'like' 'sick' 'zero' 'cdc' 'people' 'wuhan' 'day' 'died' 'feel'],[7 6 6 6 4 4 4 3 3 3]
USA,AK,Alaska,2020,03,0.07631516849163908,255,53.0,105.0,97.0,8,0,46.0,22.0,15.0,16.0,2.0,16.0,18.0,15.0,86.0,19.0,71.0,17.0,17.0,17.0,58.0,9.0,24.0,12.0,12.0,18.0,"['people' 'case' 'trump' 'day' 'american' 'new' 'thing' 'die' 'help'
 'death']",[32 21 17 16 10 10 10  9  9  8]
USA,AK,Alaska,2020,04,0.09293145416674829,306,70.0,87.0,149.0,8,4,48.0,19.0,22.0,27.0,3.0,14.0,26.0,15.0,81.0,51.0,82.0,9.0,16.0,11.0,93.0,21.0,12.0,18.0,24.0,20.0,"['know' 'need' 'like' 'time' 'day' 'death' 'people' 'work' 'trump'
 'getting']",[22 22 20 17 16 16 15 15 14 13]
USA,AK,Alaska,2020,05,0.0724733263369627,99,22.0,36.0,41.0,8,4,14.0,7.0,5.0,4.0,0.0,5.0,7.0,9.0,27.0,21.0,20.0,3.0,3.0,4.0,25.0,6.0,7.0,9.0,10.0,12.0,"['day' 'people' 'like' 'student' 'administration' 'know' 'time' 'work'
 'test' 'dont']",[12 12 10  9  8  8  8  8  7  6]
USA,AL,Alabama,2020,01,0.07658536585365854,41,8.0,16.0,17.0,8,4,10.0,4.0,5.0,0.0,4.0,0.0,1.0,1.0,14.0,2.0,5.0,6.0,4.0,3.0,9.0,5.0,7.0,2.0,0.0,0.0,"['people' 'wuhan' 'china' 'like' 'new' 'outbreak' 'time' 'chinese' 'city'
 'disease']",[10 10  7  7  6  6  5  4  3  3]
USA,AL,Alabama,2020,02,-0.005854932977574488,159,53.0,67.0,39.0,8,1,28.0,30.0,6.0,3.0,2.0,11.0,14.0,4.0,54.0,7.0,21.0,35.0,18.0,2.0,28.0,6.0,9.0,10.0,18.0,12.0,"['people' 'china' 'wuhan' 'beer' 'outbreak' 'shit' 'know' 'like' 'need'
 'congress']",[15 14 13 11 10 10  9  9  9  8]
USA,AL,Alabama,2020,03,0.06774843388886247,1250,244.0,524.0,482.0,8,4,226.0,148.0,69.0,87.0,23.0,45.0,110.0,50.0,322.0,170.0,201.0,153.0,180.0,58.0,291.0,63.0,67.0,61.0,77.0,99.0,"['people' 'like' 'trump' 'going' 'time' 'pandemic' 'need' 'say' 'know'
 'test']",[101  71  62  54  54  53  50  49  44  44]
USA,AL,Alabama,2020,04,0.08108770387335108,1331,243.0,487.0,601.0,8,4,212.0,79.0,66.0,83.0,37.0,88.0,112.0,134.0,359.0,161.0,305.0,57.0,187.0,63.0,313.0,98.0,70.0,63.0,103.0,72.0,"['pandemic' 'thank' 'people' 'time' 'face' 'like' 'essential' 'fight'
 'daily' 'service']",[115 100  86  79  73  72  71  71  69  67]
USA,AL,Alabama,2020,05,0.09132605986380875,452,88.0,144.0,220.0,8,4,86.0,38.0,17.0,26.0,11.0,14.0,33.0,57.0,119.0,51.0,107.0,15.0,66.0,25.0,114.0,23.0,17.0,21.0,25.0,39.0,"['pandemic' 'thank' 'daily' 'service' 'challenge' 'essential' 'face'
 'fight' 'home' 'south']",[57 45 43 43 39 39 39 39 37 37]
USA,AR,Arkansas,2020,01,0.08928571428571429,14,3.0,5.0,6.0,8,1,1.0,3.0,0.0,1.0,0.0,0.0,2.0,0.0,7.0,0.0,0.0,6.0,2.0,1.0,1.0,2.0,0.0,0.0,1.0,1.0,"['probably' 'ask' 'bring' 'die' 'extra' 'hate' 'important' 'outbreak'
 'protect' 'wont']",[3 2 2 2 2 2 2 2 2 2]
USA,AR,Arkansas,2020,02,-0.0020299145299145296,65,10.0,31.0,24.0,8,1,10.0,6.0,10.0,0.0,2.0,1.0,6.0,2.0,20.0,8.0,5.0,16.0,6.0,1.0,14.0,0.0,1.0,12.0,4.0,6.0,"['trump' 'support' 'disease' 'wuhan' 'break' 'death' 'feel' 'flu' 'know'
 'law']",[13  8  5  5  4  4  4  4  4  4]
USA,AR,Arkansas,2020,03,0.04436872746192708,584,141.0,224.0,219.0,8,4,85.0,50.0,58.0,48.0,6.0,15.0,41.0,24.0,188.0,69.0,105.0,72.0,77.0,28.0,116.0,29.0,39.0,34.0,37.0,47.0,"['people' 'like' 'case' 'need' 'day' 'time' 'trump' 'week'
 'realdonaldtrump' 'away']",[55 36 33 31 30 29 25 25 24 23]
USA,AR,Arkansas,2020,04,0.06581452855557572,736,141.0,279.0,316.0,8,4,115.0,42.0,38.0,39.0,9.0,50.0,67.0,44.0,217.0,115.0,177.0,46.0,56.0,32.0,199.0,45.0,42.0,40.0,52.0,47.0,['people' 'like' 'need' 'day' 'case' 'time' 'home' 'trump' 'don' 'help'],[56 41 41 37 35 35 34 33 27 27]
USA,AR,Arkansas,2020,05,0.024812674599620412,203,58.0,69.0,76.0,8,0,43.0,10.0,7.0,14.0,3.0,10.0,16.0,11.0,50.0,39.0,55.0,4.0,13.0,10.0,53.0,19.0,9.0,10.0,14.0,16.0,"['case' 'home' 'day' 'new' 'pandemic' 'nursing' 'know' 'need' 'time'
 'like']",[19 18 17 16 16 15 14 14 13 12]
USA,AZ,Arizona,2020,01,0.0119452207426891,158,38.0,68.0,52.0,8,1,25.0,33.0,7.0,3.0,4.0,5.0,8.0,3.0,55.0,15.0,11.0,48.0,22.0,4.0,32.0,5.0,7.0,4.0,8.0,17.0,"['think' 'people' 'wuhan' 'chinese' 'going' 've' 'week' 'china' 'outbreak'
 'shit']",[14 13 12 11 11 10 10  8  8  8]
USA,AZ,Arizona,2020,02,0.04612725548168947,501,115.0,206.0,180.0,8,1,74.0,80.0,41.0,28.0,9.0,20.0,23.0,17.0,165.0,44.0,53.0,142.0,26.0,21.0,93.0,21.0,20.0,51.0,33.0,41.0,['trump' 'wuhan' 'people' 'like' 'beer' 'china' 'know' 'flu' 'don' 'time'],[47 47 40 36 33 32 31 29 24 24]
USA,AZ,Arizona,2020,03,0.051201092330662806,3153,733.0,1214.0,1206.0,8,4,435.0,329.0,212.0,205.0,47.0,161.0,300.0,131.0,940.0,393.0,552.0,363.0,354.0,136.0,778.0,150.0,214.0,179.0,228.0,199.0,['people' 'like' 'need' 'trump' 'time' 'know' 'home' 'going' 'help' 'day'],[283 188 172 157 143 122 119 116 107 106]
USA,AZ,Arizona,2020,04,0.04881983074188986,3540,848.0,1327.0,1365.0,8,4,569.0,227.0,232.0,214.0,88.0,221.0,302.0,168.0,944.0,575.0,822.0,154.0,305.0,161.0,988.0,168.0,214.0,259.0,221.0,248.0,"['people' 'trump' 'time' 'like' 'need' 'death' 'today' 'home' 'help'
 'know']",[310 279 186 183 177 167 136 135 129 129]
USA,AZ,Arizona,2020,05,0.05002696169353009,1272,329.0,445.0,498.0,8,4,215.0,84.0,87.0,75.0,40.0,78.0,103.0,59.0,357.0,174.0,294.0,54.0,113.0,39.0,334.0,72.0,82.0,113.0,93.0,78.0,"['trump' 'people' 'like' 'death' 'pandemic' 'know' 'day' 'case' 'new'
 'time']",[136 104  79  76  60  54  53  51  51  50]
USA,CA,California,2020,01,-0.0023796429178460435,1600,413.0,713.0,474.0,8,1,226.0,390.0,80.0,59.0,26.0,57.0,111.0,86.0,434.0,131.0,131.0,471.0,173.0,50.0,346.0,83.0,104.0,30.0,115.0,97.0,"['wuhan' 'china' 'people' 'like' 'shit' 'fuck' 'going' 'good' 'california'
 'day']",[265 195 125  90  82  52  51  51  50  50]
USA,CA,California,2020,02,0.03866409870604028,3735,859.0,1461.0,1415.0,8,1,454.0,774.0,286.0,208.0,86.0,133.0,274.0,168.0,1059.0,293.0,397.0,1307.0,210.0,105.0,593.0,233.0,237.0,185.0,227.0,241.0,"['wuhan' 'people' 'china' 'trump' 'like' 'california' 'time' 'case' 'flu'
 'know']",[360 345 267 208 192 137 137 126 123 121]
USA,CA,California,2020,03,0.04420032053049423,24580,5658.0,9719.0,9203.0,8,4,3418.0,3092.0,1344.0,1611.0,455.0,1128.0,2106.0,1234.0,6960.0,3232.0,4116.0,3460.0,2996.0,1117.0,5848.0,1212.0,1471.0,1068.0,1616.0,1676.0,['people' 'like' 'time' 'trump' 'need' 'home' 'day' 'know' 'stay' 'don'],[2016 1433 1123 1066 1030  977  912  859  832  828]
USA,CA,California,2020,04,0.05499175454775145,28172,6527.0,10596.0,11049.0,8,4,4265.0,1857.0,1847.0,1974.0,696.0,1703.0,2698.0,1712.0,7023.0,4397.0,6455.0,1353.0,3171.0,1316.0,7196.0,1603.0,1701.0,1753.0,1936.0,1688.0,"['people' 'trump' 'time' 'like' 'need' 'pandemic' 'california' 'home'
 'day' 'know']",[2339 1702 1513 1503 1229 1178 1052 1005  997  935]
USA,CA,California,2020,05,0.05751967993778706,9012,2090.0,3236.0,3686.0,8,4,1514.0,583.0,520.0,642.0,226.0,500.0,800.0,509.0,2339.0,1379.0,2234.0,431.0,877.0,406.0,2312.0,478.0,554.0,456.0,708.0,556.0,"['people' 'like' 'trump' 'time' 'california' 'day' 'death' 'new' 'need'
 'know']",[753 539 474 426 387 384 379 371 364 357]
USA,CO,Colorado,2020,01,0.023745587745587753,65,15.0,23.0,27.0,0,4,18.0,10.0,2.0,5.0,0.0,2.0,3.0,3.0,18.0,4.0,2.0,15.0,11.0,4.0,16.0,8.0,4.0,0.0,3.0,2.0,['wuhan' 'case' 'china' 'guess' 'idea' 'people' 'care' 'far' 'flu' 'home'],[17  7  7  5  5  5  4  4  4  4]
USA,CO,Colorado,2020,02,-0.0005143312876775921,257,68.0,95.0,94.0,8,1,41.0,42.0,18.0,7.0,2.0,4.0,34.0,9.0,86.0,14.0,43.0,86.0,12.0,8.0,31.0,12.0,21.0,17.0,13.0,14.0,"['people' 'china' 'trump' 'flu' 'beer' 'wuhan' 'rate' 'time' 'americans'
 'dont']",[26 23 20 17 16 16 15 14 12 12]
USA,CO,Colorado,2020,03,0.04815184338971116,2185,507.0,805.0,873.0,8,4,377.0,172.0,117.0,150.0,35.0,84.0,208.0,116.0,625.0,301.0,444.0,196.0,243.0,100.0,544.0,93.0,149.0,106.0,152.0,158.0,"['people' 'like' 'need' 'case' 'day' 'trump' 'home' 'realdonaldtrump'
 'time' 'know']",[187 145 119 116 108 107 100  95  88  87]
USA,CO,Colorado,2020,04,0.06050584794993784,2535,561.0,945.0,1029.0,8,4,390.0,173.0,169.0,149.0,52.0,145.0,248.0,136.0,672.0,401.0,585.0,102.0,291.0,135.0,635.0,151.0,147.0,169.0,157.0,163.0,"['people' 'trump' 'time' 'like' 'day' 'know' 'death' 'pandemic' 'need'
 'say']",[190 171 133 125 104 100  96  94  90  88]
USA,CO,Colorado,2020,05,0.09464383595247851,743,149.0,262.0,332.0,8,4,135.0,40.0,54.0,50.0,8.0,47.0,62.0,24.0,168.0,155.0,164.0,29.0,78.0,45.0,197.0,54.0,32.0,53.0,51.0,40.0,"['trump' 'day' 'like' 'people' 'biden' 'time' 'home' 'pandemic' 'really'
 'hope']",[54 50 45 44 35 35 30 29 29 28]
USA,CT,Connecticut,2020,01,0.017530030030030033,37,4.0,26.0,7.0,8,1,4.0,3.0,0.0,2.0,1.0,1.0,6.0,5.0,13.0,2.0,6.0,7.0,5.0,3.0,6.0,2.0,3.0,1.0,1.0,3.0,"['china' 'epidemic' 'group' 'people' 'check' 'flu' 'outbreak' 'school'
 'world' 'available']",[7 4 4 4 3 3 3 3 3 2]
USA,CT,Connecticut,2020,02,0.01969280928451783,199,56.0,79.0,64.0,8,1,23.0,34.0,12.0,5.0,2.0,11.0,18.0,5.0,72.0,17.0,31.0,48.0,18.0,6.0,46.0,7.0,8.0,7.0,14.0,14.0,"['wuhan' 'day' 'people' 'case' 'pandemic' 'china' 'market' 'buy' 'flu'
 'shit']",[21 13 13 12 12 11  9  8  8  8]
USA,CT,Connecticut,2020,03,0.06759923739197744,1464,336.0,558.0,570.0,8,4,215.0,139.0,83.0,101.0,36.0,69.0,166.0,51.0,393.0,211.0,301.0,167.0,155.0,59.0,330.0,97.0,94.0,58.0,110.0,93.0,['people' 'need' 'know' 'like' 'trump' 'life' 'home' 'right' 'don' 'week'],[128  95  73  67  64  61  58  54  51  50]
USA,CT,Connecticut,2020,04,0.07316798740044914,1680,366.0,602.0,712.0,8,4,275.0,93.0,128.0,85.0,48.0,86.0,169.0,88.0,415.0,293.0,385.0,77.0,125.0,102.0,485.0,103.0,79.0,102.0,131.0,91.0,"['people' 'trump' 'like' 'time' 'need' 'right' 'new' 'make' 'pandemic'
 'home']",[118 103  88  80  79  70  68  66  65  63]
USA,CT,Connecticut,2020,05,0.08200387860407064,623,128.0,207.0,288.0,8,4,122.0,36.0,30.0,45.0,18.0,21.0,49.0,41.0,146.0,115.0,160.0,21.0,59.0,26.0,169.0,30.0,42.0,28.0,38.0,50.0,"['people' 'know' 'death' 'like' 'need' 'trump' 'time' 'new' 'test'
 'pandemic']",[47 35 33 33 32 29 28 24 24 23]
USA,DC,District of Columbia,2020,01,0.06437675865800865,80,9.0,39.0,32.0,0,4,22.0,13.0,4.0,4.0,2.0,2.0,9.0,5.0,14.0,5.0,13.0,5.0,9.0,8.0,17.0,13.0,2.0,3.0,5.0,5.0,"['wuhan' 'china' 'like' 'people' 'resident' 'case' 'government' 'outbreak'
 'reporting' 'good']",[19 16  9  7  7  6  6  6  6  5]
USA,DC,District of Columbia,2020,02,0.018944413755611678,288,80.0,115.0,93.0,0,4,56.0,40.0,26.0,11.0,4.0,12.0,53.0,15.0,51.0,20.0,51.0,45.0,27.0,12.0,65.0,22.0,18.0,27.0,10.0,11.0,"['case' 'china' 'trump' 'wuhan' 'people' 'need' 'like' 'good' 'news'
 'americans']",[27 26 25 25 23 20 15 13 13 10]
USA,DC,District of Columbia,2020,03,0.06293877329385769,2429,502.0,945.0,982.0,8,4,412.0,176.0,117.0,140.0,31.0,120.0,301.0,156.0,610.0,366.0,421.0,181.0,373.0,120.0,601.0,154.0,145.0,137.0,164.0,133.0,"['people' 'time' 'dc' 'trump' 'like' 'need' 'health' 'pandemic' 'case'
 'going']",[196 139 136 136 131 109  96  94  87  86]
USA,DC,District of Columbia,2020,04,0.07792669910498738,2901,547.0,1067.0,1287.0,8,4,504.0,121.0,184.0,184.0,56.0,192.0,353.0,209.0,590.0,508.0,642.0,80.0,337.0,129.0,780.0,239.0,160.0,206.0,196.0,132.0,"['people' 'trump' 'dc' 'pandemic' 'time' 'new' 'like' 'need' 'death'
 'president']",[216 213 198 171 168 135 133 119 115 115]
USA,DC,District of Columbia,2020,05,0.063046518989139,994,218.0,370.0,406.0,8,4,188.0,25.0,63.0,66.0,37.0,74.0,110.0,67.0,197.0,167.0,226.0,10.0,126.0,59.0,257.0,76.0,58.0,78.0,49.0,55.0,"['people' 'trump' 'pandemic' 'dc' 'death' 'time' 'like' 'new' 'mask'
 'need']",[76 75 62 57 55 54 46 46 43 43]
USA,DE,Delaware,2020,01,0.049999999999999996,6,0.0,4.0,2.0,1,1,0.0,2.0,0.0,0.0,0.0,0.0,2.0,0.0,2.0,0.0,0.0,4.0,0.0,0.0,2.0,0.0,0.0,0.0,0.0,0.0,"['drinking' 'excuse' 'guess' 'chinese' 'course' 'eating' 'family' 'food'
 'issue' 'talk']",[2 2 2 1 1 1 1 1 1 1]
USA,DE,Delaware,2020,02,-0.009095434868162137,22,3.0,12.0,7.0,8,4,4.0,2.0,2.0,0.0,0.0,0.0,5.0,0.0,9.0,0.0,0.0,3.0,3.0,1.0,5.0,2.0,1.0,2.0,4.0,1.0,"['die' 'crisis' 'face' 'likely' 'live' 'need' 'people' 'real' 'social'
 'world']",[5 3 3 3 3 3 3 3 3 3]
USA,DE,Delaware,2020,03,0.086067363721627,191,36.0,85.0,70.0,8,4,31.0,29.0,24.0,7.0,1.0,13.0,18.0,7.0,45.0,16.0,36.0,25.0,18.0,7.0,43.0,9.0,9.0,11.0,16.0,17.0,"['people' 'time' 'like' 'don' 'realdonaldtrump' 'thing' 'going' 'got'
 'governor' 'know']",[13 13 12  9  9  8  7  7  7  7]
USA,DE,Delaware,2020,04,0.07164760461760461,250,53.0,88.0,109.0,8,4,51.0,20.0,31.0,6.0,2.0,15.0,24.0,14.0,53.0,34.0,40.0,13.0,23.0,19.0,85.0,16.0,10.0,23.0,15.0,6.0,['time' 'stay' 'trump' 'day' 'know' 'people' 'say' 'life' 'like' 'need'],[21 16 15 14 14 14 14 12 12 12]
USA,DE,Delaware,2020,05,0.013085888734036882,81,21.0,30.0,30.0,8,4,12.0,5.0,7.0,4.0,2.0,12.0,5.0,4.0,25.0,5.0,17.0,5.0,4.0,5.0,22.0,10.0,3.0,6.0,6.0,3.0,"['like' 'fucking' 'life' 'americans' 'think' 'way' 'wouldn' 'death'
 'idiot' 'let']",[8 6 6 5 5 5 5 4 4 4]
USA,FL,Florida,2020,01,-0.020861739437898378,302,83.0,139.0,80.0,8,1,60.0,68.0,16.0,10.0,6.0,9.0,17.0,11.0,80.0,25.0,28.0,81.0,34.0,6.0,75.0,13.0,18.0,6.0,22.0,19.0,"['wuhan' 'china' 'like' 'people' 'beer' 'outbreak' 'shit' 'going' 'flu'
 'think']",[42 34 26 24 18 15 15 14 13 13]
USA,FL,Florida,2020,02,0.03243557460241836,1126,260.0,470.0,396.0,8,1,168.0,182.0,103.0,30.0,23.0,58.0,92.0,49.0,366.0,55.0,135.0,301.0,83.0,56.0,179.0,54.0,82.0,77.0,72.0,87.0,"['people' 'wuhan' 'trump' 'like' 'china' 'think' 'know' 'beer' 'good'
 'case']",[101  92  84  73  68  48  44  41  41  40]
USA,FL,Florida,2020,03,0.041022989405059246,8821,2035.0,3609.0,3177.0,8,4,1448.0,916.0,579.0,565.0,209.0,426.0,728.0,449.0,2437.0,1064.0,1679.0,1032.0,1164.0,405.0,2168.0,432.0,437.0,434.0,493.0,577.0,"['people' 'florida' 'trump' 'time' 'like' 'need' 'case' 'stay' 'day'
 'know']",[620 528 403 395 387 354 350 315 307 298]
USA,FL,Florida,2020,04,0.044541962418281456,11487,2709.0,4462.0,4316.0,8,4,1843.0,728.0,851.0,810.0,298.0,741.0,1049.0,716.0,2757.0,1694.0,2523.0,500.0,1363.0,522.0,3012.0,630.0,612.0,920.0,755.0,650.0,"['trump' 'people' 'florida' 'like' 'time' 'realdonaldtrump' 'need'
 'pandemic' 'day' 'know']",[1026  816  741  594  492  486  461  455  425  419]
USA,FL,Florida,2020,05,0.05380793185508357,3267,778.0,1152.0,1337.0,8,4,573.0,191.0,230.0,223.0,98.0,177.0,299.0,184.0,786.0,506.0,784.0,161.0,385.0,136.0,785.0,241.0,167.0,198.0,220.0,190.0,"['trump' 'people' 'florida' 'like' 'day' 'pandemic' 'need' 'death' 'time'
 'new']",[250 235 219 182 171 143 138 137 130 128]
USA,GA,Georgia,2020,01,-0.01981698454524541,138,38.0,55.0,45.0,8,1,13.0,40.0,13.0,2.0,3.0,1.0,3.0,10.0,48.0,5.0,7.0,32.0,17.0,6.0,31.0,6.0,10.0,6.0,12.0,11.0,"['wuhan' 'china' 'people' 'outbreak' 'got' 'like' 'beer' 'case' 'fucking'
 'isn']",[21 16 14  9  8  7  6  5  5  5]
USA,GA,Georgia,2020,02,0.016498104714522625,335,91.0,152.0,92.0,8,1,48.0,67.0,26.0,14.0,7.0,11.0,25.0,20.0,98.0,19.0,51.0,100.0,24.0,12.0,50.0,18.0,30.0,19.0,16.0,15.0,"['people' 'wuhan' 'don' 'flu' 'trump' 'china' 'beer' 'time' 'know'
 'outbreak']",[44 39 23 19 19 18 17 14 12 12]
USA,GA,Georgia,2020,03,0.057462595300631525,3480,716.0,1433.0,1331.0,8,4,534.0,483.0,166.0,194.0,64.0,161.0,269.0,202.0,962.0,445.0,582.0,503.0,498.0,153.0,821.0,202.0,194.0,107.0,204.0,216.0,['people' 'like' 'need' 'time' 'georgia' 'know' 'home' 'got' 'don' 'day'],[266 194 172 171 158 139 136 135 128 119]
USA,GA,Georgia,2020,04,0.06264343964187931,3811,818.0,1472.0,1521.0,8,4,576.0,290.0,242.0,289.0,93.0,196.0,289.0,216.0,1029.0,591.0,904.0,237.0,409.0,167.0,974.0,204.0,213.0,198.0,270.0,235.0,"['people' 'georgia' 'like' 'trump' 'time' 'pandemic' 'know' 'day' 'home'
 'need']",[284 260 218 184 182 162 150 146 145 128]
USA,GA,Georgia,2020,05,0.07798970175689203,1205,228.0,478.0,499.0,8,0,193.0,90.0,59.0,84.0,39.0,88.0,91.0,68.0,305.0,188.0,314.0,75.0,114.0,34.0,296.0,89.0,58.0,38.0,102.0,85.0,"['georgia' 'like' 'people' 'time' 'today' 'day' 'good' 'case' 'going'
 'new']",[96 84 78 67 53 52 45 42 42 41]
USA,HI,Hawaii,2020,01,0.0329841016683122,57,12.0,32.0,13.0,9,2,5.0,11.0,4.0,5.0,0.0,1.0,5.0,9.0,5.0,12.0,3.0,12.0,24.0,0.0,3.0,2.0,3.0,0.0,4.0,6.0,"['wuhan' 'youtube' 'china' 'day' 'family' 'flu' 'home' 'today' 'watch'
 'way']",[11 11  8  5  4  4  4  4  4  4]
USA,HI,Hawaii,2020,02,0.049612544742414874,88,27.0,30.0,31.0,8,1,25.0,11.0,4.0,2.0,0.0,1.0,7.0,1.0,32.0,5.0,12.0,27.0,4.0,4.0,13.0,6.0,8.0,3.0,5.0,6.0,"['wuhan' 'dont' 'like' 'yall' 'disease' 'going' 'people' 'shit' 'best'
 'china']",[10  9  9  8  7  7  7  7  6  6]
USA,HI,Hawaii,2020,03,0.06160354396097067,692,147.0,289.0,256.0,8,4,113.0,93.0,41.0,54.0,24.0,30.0,54.0,41.0,152.0,90.0,120.0,91.0,88.0,36.0,167.0,39.0,45.0,22.0,38.0,46.0,['people' 'case' 'need' 'time' 'don' 'home' 'trump' 'stay' 'day' 'got'],[62 52 39 39 38 35 35 31 30 30]
USA,HI,Hawaii,2020,04,0.038986860088338585,930,233.0,366.0,331.0,9,4,137.0,74.0,57.0,80.0,21.0,36.0,87.0,58.0,181.0,199.0,240.0,39.0,124.0,35.0,243.0,52.0,53.0,42.0,54.0,48.0,['people' 'time' 'case' 'day' 'home' 'new' 'like' 'need' 'pandemic' 'stay'],[68 65 62 54 50 47 45 42 41 41]
USA,HI,Hawaii,2020,05,0.04589442775667266,245,41.0,107.0,97.0,8,0,41.0,18.0,15.0,21.0,10.0,10.0,12.0,8.0,63.0,47.0,77.0,14.0,27.0,12.0,61.0,9.0,9.0,7.0,11.0,18.0,['time' 'day' 'new' 'pandemic' 'people' 'work' 'case' 'like' 'today' 'big'],[28 23 21 18 15 15 14 12 12 11]
USA,IA,Iowa,2020,01,0.08809400123685839,35,7.0,7.0,21.0,8,2,9.0,1.0,5.0,0.0,0.0,0.0,1.0,1.0,14.0,4.0,1.0,2.0,8.0,2.0,8.0,1.0,6.0,0.0,7.0,0.0,"['wuhan' 'china' 'case' 'people' 'day' 'getting' 'animal' 'come'
 'confirmed' 'like']",[13 11 10  6  5  5  4  4  4  4]
USA,IA,Iowa,2020,02,0.08873128835250048,99,19.0,33.0,47.0,8,1,4.0,15.0,3.0,0.0,4.0,5.0,14.0,9.0,34.0,11.0,13.0,41.0,4.0,1.0,15.0,6.0,5.0,3.0,7.0,4.0,"['thread' 'plan' 'white' 'house' 'january' 'national' 'treatment' 'wuhan'
 'good' 'know']",[13 12 11 10 10  9  9  9  7  7]
USA,IA,Iowa,2020,03,0.06004954281781171,824,178.0,308.0,338.0,8,4,108.0,49.0,47.0,66.0,6.0,36.0,83.0,48.0,264.0,117.0,174.0,59.0,95.0,42.0,219.0,35.0,51.0,33.0,54.0,62.0,"['people' 'like' 'time' 'going' 'need' 'pandemic' 'day' 'don' 'new'
 'trump']",[74 58 45 41 38 35 34 33 33 33]
USA,IA,Iowa,2020,04,0.08452063817601464,1050,202.0,357.0,491.0,8,4,198.0,39.0,60.0,52.0,16.0,87.0,92.0,40.0,291.0,175.0,257.0,20.0,100.0,61.0,298.0,62.0,69.0,51.0,71.0,61.0,"['people' 'death' 'new' 'case' 'pandemic' 'day' 'need' 'like' 'time'
 'county']",[97 78 75 71 59 53 53 47 46 45]
USA,IA,Iowa,2020,05,0.07430863321273039,394,70.0,134.0,190.0,8,4,95.0,17.0,14.0,27.0,3.0,20.0,33.0,14.0,101.0,70.0,98.0,10.0,29.0,12.0,128.0,20.0,26.0,14.0,29.0,28.0,"['case' 'death' 'new' 'day' 'people' 'total' 'need' 'week' 'health'
 'county']",[57 36 33 29 28 26 21 20 18 17]
USA,ID,Idaho,2020,01,-0.031617647058823535,17,3.0,11.0,3.0,0,5,4.0,4.0,0.0,1.0,0.0,0.0,1.0,4.0,2.0,1.0,1.0,3.0,3.0,1.0,3.0,5.0,0.0,0.0,0.0,1.0,"['wuhan' 'deal' 'inside' 'starting' 'street' 'ask' 'come' 'cure' 'day'
 'disease']",[5 2 2 2 2 1 1 1 1 1]
USA,ID,Idaho,2020,02,0.08384298163709929,51,17.0,12.0,22.0,8,1,14.0,1.0,5.0,4.0,3.0,1.0,2.0,2.0,17.0,2.0,10.0,19.0,0.0,0.0,9.0,1.0,2.0,4.0,3.0,3.0,"['think' 'news' 'case' 'china' 'epidemic' 'fake' 'illness' 'know' 'mom'
 'said']",[8 7 5 5 5 5 5 5 4 4]
USA,ID,Idaho,2020,03,0.04150640449918741,433,83.0,198.0,152.0,8,4,70.0,58.0,19.0,26.0,4.0,38.0,35.0,12.0,109.0,62.0,84.0,36.0,44.0,20.0,130.0,24.0,23.0,9.0,28.0,35.0,['like' 'people' 'going' 'time' 'case' 'china' 've' 'today' 'week' 'home'],[36 32 23 21 18 17 17 16 16 15]
USA,ID,Idaho,2020,04,0.08180899530498656,490,86.0,189.0,215.0,8,4,110.0,31.0,29.0,38.0,7.0,43.0,42.0,13.0,118.0,59.0,133.0,24.0,37.0,23.0,147.0,20.0,21.0,24.0,22.0,39.0,"['people' 'know' 'death' 'pandemic' 'day' 'testing' 'case' 'home' 'work'
 'good']",[32 27 26 26 25 23 22 22 20 19]
USA,ID,Idaho,2020,05,0.05912517088174983,190,35.0,73.0,82.0,8,4,26.0,9.0,14.0,30.0,4.0,10.0,14.0,5.0,45.0,33.0,43.0,3.0,10.0,10.0,50.0,17.0,13.0,4.0,25.0,15.0,"['death' 'socialdistancing' 'like' 'test' 'people' 'stayathome' 'today'
 'know' 'need' 'help']",[22 17 16 15 14 14 14 12 11  9]
USA,IL,Illinois,2020,01,0.05301631541814788,191,36.0,82.0,73.0,8,1,42.0,31.0,8.0,7.0,3.0,2.0,15.0,8.0,63.0,12.0,16.0,41.0,38.0,11.0,32.0,9.0,13.0,6.0,14.0,11.0,"['wuhan' 'china' 'like' 'case' 'chicago' 'people' 'work' 'fuck' 'health'
 'chinese']",[38 24 20 17 17 17 14 11 10  9]
USA,IL,Illinois,2020,02,0.03569384591136004,531,120.0,223.0,188.0,8,1,89.0,101.0,43.0,17.0,4.0,20.0,43.0,13.0,150.0,51.0,78.0,127.0,39.0,26.0,92.0,20.0,39.0,37.0,44.0,29.0,"['wuhan' 'china' 'people' 'trump' 'like' 'time' 'day' 'think' 'work'
 'case']",[56 50 47 42 29 24 20 20 20 19]
USA,IL,Illinois,2020,03,0.04646608747380208,5092,1178.0,2013.0,1901.0,8,4,679.0,542.0,267.0,319.0,102.0,219.0,509.0,247.0,1491.0,717.0,946.0,590.0,554.0,233.0,1289.0,282.0,307.0,211.0,335.0,345.0,"['people' 'like' 'time' 'day' 'trump' 'need' 'home' 'chicago' 'going'
 'don']",[417 273 223 220 200 196 192 176 173 171]
USA,IL,Illinois,2020,04,0.06676986390288622,5803,1309.0,2122.0,2372.0,8,4,943.0,365.0,343.0,392.0,149.0,324.0,531.0,279.0,1449.0,1028.0,1423.0,252.0,443.0,286.0,1674.0,378.0,315.0,316.0,387.0,329.0,"['people' 'trump' 'like' 'chicago' 'need' 'day' 'time' 'pandemic' 'death'
 'know']",[413 302 282 274 251 244 235 232 219 219]
USA,IL,Illinois,2020,05,0.0740170098779728,1975,373.0,742.0,860.0,8,0,288.0,144.0,95.0,140.0,41.0,100.0,158.0,115.0,480.0,414.0,565.0,75.0,144.0,97.0,531.0,88.0,137.0,89.0,140.0,109.0,"['people' 'chicago' 'like' 'need' 'death' 'day' 'good' 'trump' 'news'
 'time']",[198 139 126 118  98  97  84  83  74  72]
USA,IN,Indiana,2020,01,0.05719561070588468,73,12.0,39.0,22.0,8,1,9.0,16.0,2.0,0.0,2.0,1.0,4.0,8.0,26.0,5.0,7.0,14.0,14.0,7.0,13.0,1.0,11.0,0.0,1.0,5.0,"['china' 'wuhan' 'people' 'stop' 'away' 'official' 'fight' 'person' 'say'
 'way']",[16 15 11  7  6  6  5  5  5  5]
USA,IN,Indiana,2020,02,0.04759205653783967,249,45.0,122.0,82.0,8,1,25.0,37.0,20.0,5.0,8.0,14.0,20.0,16.0,88.0,16.0,25.0,71.0,8.0,11.0,62.0,5.0,15.0,7.0,23.0,22.0,['people' 'beer' 'china' 'like' 'wuhan' 'need' 'right' 'say' 'don' 'look'],[20 19 18 18 17 16 13 11 10 10]
USA,IN,Indiana,2020,03,0.03349198130811951,2086,492.0,842.0,752.0,8,4,316.0,204.0,88.0,144.0,38.0,94.0,192.0,83.0,650.0,277.0,404.0,220.0,236.0,96.0,533.0,120.0,120.0,73.0,141.0,143.0,['people' 'like' 'time' 'home' 'need' 'going' 'day' 'got' 'think' 'don'],[174 122 102  85  81  76  75  72  72  70]
USA,IN,Indiana,2020,04,0.04893556673775688,2243,497.0,868.0,878.0,8,4,423.0,121.0,116.0,105.0,48.0,110.0,212.0,119.0,584.0,405.0,511.0,80.0,228.0,112.0,633.0,129.0,137.0,116.0,156.0,141.0,"['people' 'like' 'know' 'trump' 'need' 'time' 'pandemic' 'say' 'help'
 'death']",[185 122 108 103 102  99  97  82  80  77]
USA,IN,Indiana,2020,05,0.07129089139427484,703,141.0,279.0,283.0,8,0,130.0,21.0,40.0,31.0,14.0,44.0,89.0,31.0,168.0,135.0,189.0,27.0,63.0,24.0,166.0,43.0,43.0,33.0,62.0,53.0,"['people' 'like' 'need' 'pandemic' 'trump' 'day' 'time' 'going' 'case'
 'death']",[53 42 39 36 34 32 29 24 23 23]
USA,KS,Kansas,2020,01,-0.03452467532467532,25,7.0,13.0,5.0,0,0,6.0,2.0,1.0,0.0,0.0,0.0,6.0,2.0,5.0,3.0,4.0,4.0,4.0,0.0,4.0,3.0,3.0,0.0,2.0,1.0,"['chinese' 'people' 'help' 'spread' 'bad' 'best' 'came' 'care' 'case'
 'china']",[4 4 3 3 2 2 2 2 2 2]
USA,KS,Kansas,2020,02,0.07968853396883699,99,18.0,41.0,40.0,8,1,12.0,11.0,8.0,4.0,3.0,3.0,5.0,2.0,40.0,11.0,6.0,34.0,1.0,2.0,23.0,6.0,10.0,6.0,5.0,6.0,"['people' 'like' 'flu' 'good' 'know' 'make' 'outbreak' 'pandemic' 'time'
 'trump']",[13 12  7  7  7  6  6  6  6  6]
USA,KS,Kansas,2020,03,0.057449941165582524,764,171.0,294.0,299.0,8,4,93.0,67.0,58.0,49.0,10.0,32.0,64.0,27.0,254.0,110.0,122.0,63.0,80.0,33.0,237.0,38.0,55.0,26.0,48.0,62.0,"['people' 'need' 'like' 'day' 'time' 'pandemic' 'don' 'good' 'going'
 'thing']",[68 51 43 40 36 30 29 29 28 27]
USA,KS,Kansas,2020,04,0.046812971096876585,928,242.0,337.0,349.0,8,4,126.0,68.0,58.0,68.0,8.0,52.0,90.0,49.0,235.0,174.0,243.0,46.0,90.0,29.0,268.0,52.0,38.0,69.0,57.0,36.0,"['trump' 'people' 'like' 'realdonaldtrump' 'time' 'home' 'stay' 'pandemic'
 'need' 'death']",[56 53 51 51 47 46 46 45 43 41]
USA,KS,Kansas,2020,05,0.04137675249566636,267,64.0,104.0,99.0,8,0,47.0,18.0,16.0,20.0,6.0,6.0,29.0,9.0,66.0,50.0,84.0,21.0,25.0,12.0,54.0,12.0,8.0,15.0,17.0,19.0,"['like' 'death' 'day' 'let' 'mask' 'people' 'thing' 'trump' 'right'
 'americans']",[19 17 16 14 14 14 13 13 12 11]
USA,KY,Kentucky,2020,01,-0.018487654320987642,45,12.0,22.0,11.0,8,2,4.0,4.0,8.0,0.0,0.0,3.0,7.0,0.0,16.0,3.0,5.0,6.0,11.0,0.0,10.0,5.0,2.0,3.0,1.0,2.0,['wuhan' 'china' 'cdc' 'cut' 'think' 'water' 'bad' 'disease' 'flu' 'going'],[10  7  5  5  5  5  4  4  4  4]
USA,KY,Kentucky,2020,02,0.0005820105820105815,123,31.0,55.0,37.0,8,1,12.0,18.0,11.0,4.0,0.0,5.0,18.0,10.0,38.0,7.0,12.0,40.0,17.0,5.0,18.0,10.0,3.0,9.0,2.0,7.0,"['wuhan' 'china' 'going' 'need' 'coronavirusoutbreak' 'trump' 'spread'
 'getting' 'know' 'question']",[19 11 11 10  8  8  7  6  6  6]
USA,KY,Kentucky,2020,03,0.06636664027989614,1349,278.0,541.0,530.0,8,4,214.0,146.0,82.0,78.0,21.0,62.0,121.0,66.0,384.0,175.0,249.0,159.0,176.0,70.0,309.0,83.0,78.0,40.0,95.0,90.0,['people' 'case' 'like' 'need' 'time' 'know' 'home' 'think' 'right' 'work'],[100  79  72  72  61  54  53  53  41  41]
USA,KY,Kentucky,2020,04,0.051969402930436705,1565,377.0,567.0,621.0,8,4,244.0,108.0,114.0,94.0,15.0,95.0,142.0,72.0,412.0,269.0,344.0,87.0,162.0,73.0,433.0,75.0,97.0,102.0,85.0,107.0,['people' 'trump' 'time' 'like' 'need' 'case' 'today' 'new' 'don' 'know'],[137 124  88  85  80  74  69  66  62  62]
USA,KY,Kentucky,2020,05,0.06469881507381507,390,78.0,161.0,151.0,8,4,54.0,11.0,14.0,22.0,6.0,29.0,27.0,27.0,136.0,64.0,88.0,12.0,34.0,13.0,108.0,27.0,18.0,31.0,32.0,27.0,['trump' 'like' 'people' 'death' 'know' 'day' 'don' 'lost' 'time' 'really'],[41 26 26 22 22 18 17 16 16 15]
USA,LA,Louisiana,2020,01,-0.005276279746618729,59,15.0,28.0,16.0,8,4,4.0,12.0,0.0,4.0,0.0,3.0,0.0,3.0,30.0,3.0,7.0,13.0,6.0,0.0,16.0,1.0,7.0,2.0,6.0,1.0,['people' 'china' 'think' 'oh' 'bitch' 'die' 'dumb' 'like' 'lol' 'play'],[8 6 6 5 4 4 4 4 4 4]
USA,LA,Louisiana,2020,02,0.03324961597542243,155,31.0,71.0,53.0,8,1,20.0,28.0,16.0,4.0,0.0,9.0,7.0,2.0,61.0,8.0,18.0,52.0,8.0,3.0,28.0,1.0,16.0,6.0,9.0,14.0,"['people' 'americans' 'beer' 'don' 'think' 'like' 'man' 'day' 'shit'
 'chinese']",[22 13 12 10 10  8  7  6  6  5]
USA,LA,Louisiana,2020,03,0.03761743896166787,2144,457.0,961.0,726.0,8,4,288.0,400.0,91.0,117.0,57.0,80.0,119.0,84.0,627.0,281.0,413.0,396.0,230.0,104.0,488.0,96.0,88.0,63.0,123.0,143.0,['people' 'like' 'new' 'time' 'got' 'shit' 'don' 'day' 'know' 'stay'],[106 104 101  93  90  87  77  76  66  64]
USA,LA,Louisiana,2020,04,0.05687690930372429,1952,436.0,774.0,742.0,8,4,312.0,221.0,86.0,119.0,49.0,99.0,120.0,101.0,502.0,343.0,454.0,202.0,150.0,79.0,530.0,99.0,106.0,65.0,155.0,112.0,['new' 'people' 'like' 'time' 'home' 'stay' 'know' 'make' 'case' 'death'],[139 128 110  91  89  86  84  82  80  75]
USA,LA,Louisiana,2020,05,0.07119318379697277,591,116.0,227.0,248.0,8,0,100.0,63.0,17.0,35.0,20.0,27.0,45.0,29.0,153.0,102.0,156.0,56.0,57.0,18.0,149.0,44.0,26.0,16.0,38.0,31.0,['new' 'people' 'time' 'need' 'death' 'home' 'don' 'today' 'case' 'like'],[62 41 33 28 27 26 25 25 24 24]
USA,MA,Massachusetts,2020,01,0.08361498856396815,147,20.0,63.0,64.0,8,1,18.0,28.0,8.0,5.0,2.0,4.0,19.0,15.0,36.0,12.0,11.0,31.0,29.0,8.0,27.0,14.0,5.0,6.0,8.0,8.0,"['china' 'new' 'wuhan' 'morning' 'important' 'spread' 'case' 'make' 'come'
 'flight']",[31 14 14 11 10  9  8  8  7  7]
USA,MA,Massachusetts,2020,02,0.032135603810311414,513,120.0,203.0,190.0,8,1,78.0,78.0,45.0,22.0,13.0,17.0,48.0,27.0,157.0,28.0,48.0,116.0,64.0,26.0,89.0,33.0,46.0,20.0,36.0,35.0,"['wuhan' 'people' 'like' 'don' 'case' 'china' 'flu' 'day'
 'coronavirusoutbreak' 'got']",[70 64 37 32 29 28 25 24 21 21]
USA,MA,Massachusetts,2020,03,0.05459376249220609,3660,850.0,1369.0,1441.0,8,4,615.0,302.0,186.0,223.0,59.0,159.0,393.0,216.0,905.0,602.0,755.0,368.0,460.0,186.0,927.0,226.0,201.0,132.0,211.0,194.0,"['people' 'need' 'like' 'time' 'pandemic' 'case' 'trump' 'stay' 'day'
 'know']",[284 198 192 171 151 142 142 139 137 131]
USA,MA,Massachusetts,2020,04,0.08162158182284944,4753,1020.0,1644.0,2089.0,8,4,861.0,215.0,253.0,343.0,135.0,276.0,503.0,269.0,1039.0,859.0,1103.0,169.0,528.0,235.0,1324.0,329.0,249.0,253.0,333.0,230.0,"['people' 'time' 'trump' 'like' 'pandemic' 'need' 'new' 'day' 'home'
 'today']",[349 284 249 248 210 195 195 187 182 167]
USA,MA,Massachusetts,2020,05,0.09348608509884491,1464,291.0,527.0,646.0,8,4,244.0,68.0,87.0,102.0,47.0,73.0,174.0,75.0,323.0,271.0,367.0,62.0,121.0,78.0,402.0,86.0,92.0,61.0,102.0,93.0,"['people' 'time' 'pandemic' 'day' 'new' 'like' 'trump' 'need' 'mask'
 'thank']",[130  92  77  69  67  66  66  65  56  56]
USA,MD,Maryland,2020,01,0.05049253576122736,107,33.0,31.0,43.0,8,4,19.0,9.0,9.0,1.0,2.0,2.0,6.0,6.0,37.0,16.0,3.0,16.0,18.0,4.0,30.0,6.0,11.0,1.0,9.0,9.0,"['wuhan' 'china' 'like' 'people' 'shit' 'know' 'day' 'global' 'good'
 'health']",[22 16 15 14 10  9  7  7  7  7]
USA,MD,Maryland,2020,02,0.056977852283770655,350,64.0,163.0,123.0,8,1,55.0,68.0,36.0,9.0,5.0,18.0,37.0,18.0,89.0,15.0,42.0,110.0,39.0,12.0,56.0,16.0,29.0,16.0,19.0,11.0,"['people' 'china' 'wuhan' 'beer' 'health' 'case' 'like' 'think' 'flu'
 'pandemic']",[39 33 32 28 22 20 19 19 17 16]
USA,MD,Maryland,2020,03,0.064927769624729,3196,649.0,1263.0,1284.0,8,4,485.0,351.0,162.0,202.0,54.0,144.0,352.0,194.0,806.0,446.0,590.0,355.0,475.0,132.0,763.0,161.0,194.0,136.0,180.0,210.0,"['people' 'time' 'like' 'need' 'pandemic' 'case' 'trump' 'work' 'know'
 'stay']",[262 168 164 146 131 129 125 123 116 116]
USA,MD,Maryland,2020,04,0.06752975300966373,4736,1040.0,1690.0,2006.0,8,4,813.0,304.0,250.0,398.0,114.0,264.0,572.0,325.0,952.0,744.0,1015.0,184.0,711.0,224.0,1213.0,260.0,281.0,335.0,295.0,218.0,"['people' 'trump' 'say' 'death' 'like' 'time' 'new' 'need' 'pandemic'
 'know']",[365 340 285 242 231 228 220 218 211 155]
USA,MD,Maryland,2020,05,0.06299930287120796,1454,344.0,504.0,606.0,8,4,266.0,95.0,100.0,125.0,45.0,61.0,171.0,82.0,308.0,201.0,295.0,74.0,228.0,53.0,353.0,101.0,91.0,69.0,112.0,78.0,"['people' 'pandemic' 'new' 'trump' 'day' 'health' 'like' 'need' 'death'
 'time']",[108  72  71  65  61  58  56  54  52  51]
USA,ME,Maine,2020,01,0.09090909090909091,7,0.0,5.0,2.0,8,1,1.0,2.0,0.0,0.0,0.0,0.0,0.0,1.0,3.0,0.0,0.0,3.0,1.0,0.0,2.0,1.0,0.0,0.0,0.0,0.0,"['im' 'cancelled' 'class' 'going' 'got' 'home' 'said' 'talking' 'today'
 'answer']",[3 2 2 2 2 2 2 2 2 1]
USA,ME,Maine,2020,02,0.08574560257749914,29,6.0,14.0,9.0,0,2,11.0,0.0,0.0,0.0,0.0,0.0,8.0,3.0,7.0,0.0,4.0,5.0,7.0,2.0,6.0,1.0,2.0,0.0,2.0,0.0,"['americans' 'cnn' 'coronavirususa' 'disease' 'dog' 'early' 'good'
 'health' 'like' 'msnbc']",[3 3 3 3 3 3 3 3 3 3]
USA,ME,Maine,2020,03,0.08549213224161996,244,49.0,91.0,104.0,8,4,43.0,13.0,13.0,25.0,1.0,6.0,22.0,18.0,73.0,30.0,40.0,22.0,38.0,19.0,53.0,5.0,13.0,8.0,26.0,20.0,['need' 'people' 'good' 'test' 'thing' 'like' 'case' 'time' 'cdc' 'coming'],[19 19 17 17 17 16 14 14 12 12]
USA,ME,Maine,2020,04,0.06037869063303846,230,41.0,98.0,91.0,0,0,62.0,12.0,8.0,12.0,3.0,24.0,13.0,7.0,51.0,38.0,59.0,11.0,30.0,16.0,58.0,12.0,16.0,5.0,13.0,10.0,"['people' 'case' 'day' 'need' 'stay' 'time' 'quarantine' 'home' 'like'
 'make']",[23 18 18 17 15 12 11 10  9  9]
USA,ME,Maine,2020,05,0.04023032908449575,90,19.0,36.0,35.0,8,0,20.0,2.0,6.0,6.0,4.0,1.0,9.0,5.0,23.0,14.0,27.0,1.0,12.0,7.0,17.0,5.0,4.0,3.0,11.0,3.0,['case' 'th' 'know' 'like' 'new' 'crisis' 'cuomo' 'death' 'did' 'sure'],[12 10  8  8  8  6  6  6  6  5]
USA,MI,Michigan,2020,01,0.06280683716867928,95,19.0,45.0,31.0,8,1,10.0,12.0,7.0,9.0,3.0,2.0,2.0,18.0,27.0,5.0,2.0,23.0,9.0,6.0,13.0,20.0,10.0,1.0,7.0,4.0,"['wuhan' 'chinese' 'outbreak' 'bring' 'citizen' 'flight' 'city' 'sunday'
 'states' 'street']",[31 18 17 16 16 16 15 15 14 14]
USA,MI,Michigan,2020,02,0.034107430296909186,379,95.0,141.0,143.0,8,1,52.0,66.0,23.0,8.0,6.0,18.0,28.0,19.0,134.0,25.0,39.0,113.0,33.0,11.0,67.0,11.0,34.0,13.0,31.0,27.0,"['people' 'china' 'wuhan' 'like' 'know' 'flu' 'coronavirusoutbreak' 'don'
 'say' 'cdc']",[42 30 28 24 23 19 18 16 15 14]
USA,MI,Michigan,2020,03,0.052459783298372926,2963,624.0,1234.0,1105.0,8,4,449.0,343.0,161.0,188.0,64.0,133.0,247.0,129.0,832.0,417.0,589.0,316.0,339.0,166.0,676.0,152.0,181.0,134.0,195.0,215.0,"['people' 'like' 'michigan' 'going' 'trump' 'need' 'stay' 'time' 'know'
 'case']",[248 170 156 134 134 133 118 117 103 100]
USA,MI,Michigan,2020,04,0.06532903048640802,3797,860.0,1367.0,1570.0,8,4,613.0,260.0,250.0,238.0,145.0,209.0,320.0,192.0,927.0,643.0,925.0,167.0,338.0,179.0,1033.0,230.0,231.0,241.0,216.0,237.0,"['people' 'trump' 'michigan' 'time' 'like' 'know' 'help' 'death'
 'pandemic' 'work']",[299 252 211 175 163 149 142 138 131 130]
USA,MI,Michigan,2020,05,0.06452786369444816,1086,226.0,410.0,450.0,8,4,172.0,64.0,67.0,69.0,26.0,63.0,98.0,64.0,256.0,207.0,272.0,35.0,92.0,52.0,291.0,73.0,68.0,57.0,85.0,61.0,"['people' 'michigan' 'like' 'day' 'new' 'trump' 'death' 'home' 'time'
 'work']",[89 86 82 60 60 60 55 53 46 46]
USA,MN,Minnesota,2020,01,0.04390283327783328,39,9.0,20.0,10.0,8,1,5.0,12.0,4.0,0.0,0.0,0.0,0.0,2.0,15.0,1.0,2.0,12.0,6.0,0.0,7.0,3.0,2.0,2.0,1.0,4.0,['flu' 'getting' 'know' 'news' 'think' 'wuhan' 'don' 'kill' 'like' 'nigga'],[6 5 4 4 4 4 3 3 3 3]
USA,MN,Minnesota,2020,02,0.059075237149007635,183,50.0,63.0,70.0,8,4,22.0,20.0,14.0,19.0,1.0,8.0,23.0,5.0,60.0,11.0,27.0,34.0,18.0,4.0,45.0,9.0,12.0,12.0,9.0,13.0,['people' 'day' 'look' 'wuhan' 'good' 'great' 'like' 'trump' 'beer' 'don'],[18 12 12 12 10 10 10 10  9  8]
USA,MN,Minnesota,2020,03,0.06508687584165437,1719,367.0,646.0,706.0,8,4,230.0,151.0,94.0,122.0,24.0,106.0,175.0,93.0,472.0,252.0,399.0,131.0,135.0,86.0,504.0,79.0,99.0,59.0,120.0,107.0,['people' 'need' 'time' 'like' 'don' 'work' 'day' 'going' 'home' 'week'],[138 106 101  94  68  67  66  64  64  59]
USA,MN,Minnesota,2020,04,0.07390566640639393,2160,462.0,752.0,946.0,8,4,345.0,118.0,147.0,124.0,57.0,124.0,244.0,79.0,553.0,369.0,568.0,64.0,156.0,107.0,646.0,130.0,131.0,92.0,155.0,111.0,"['people' 'like' 'time' 'need' 'death' 'pandemic' 'thank' 'trump' 'going'
 'don']",[153 132 128 122 113  88  84  81  78  75]
USA,MN,Minnesota,2020,05,0.08335175210100206,711,146.0,240.0,325.0,8,4,128.0,39.0,41.0,44.0,8.0,32.0,81.0,18.0,175.0,145.0,165.0,17.0,48.0,38.0,213.0,42.0,41.0,29.0,54.0,64.0,['people' 'time' 'like' 'work' 'good' 'need' 'want' 'case' 'death' 'week'],[63 40 38 37 35 34 31 30 29 29]
USA,MO,Missouri,2020,01,0.03544576492689701,53,14.0,16.0,23.0,8,4,9.0,3.0,8.0,1.0,1.0,5.0,3.0,2.0,18.0,3.0,2.0,7.0,5.0,1.0,14.0,1.0,11.0,4.0,4.0,4.0,['china' 'wuhan' 'people' 'cdc' 'kid' 'cut' 'flu' 'social' 'stop' 'time'],[13 13 11  5  5  4  4  4  4  4]
USA,MO,Missouri,2020,02,0.001564653600367886,224,70.0,81.0,73.0,8,1,24.0,41.0,17.0,13.0,1.0,7.0,17.0,6.0,83.0,15.0,29.0,62.0,13.0,16.0,38.0,17.0,16.0,15.0,10.0,8.0,"['stay' 'people' 'wuhan' 'trump' 'need' 'think' 'america' 'beer' 'better'
 'know']",[23 21 20 14 13 13 12 11 11 10]
USA,MO,Missouri,2020,03,0.05681477795906803,1969,444.0,743.0,782.0,8,4,292.0,180.0,139.0,111.0,20.0,83.0,190.0,100.0,590.0,264.0,368.0,184.0,201.0,98.0,519.0,80.0,136.0,124.0,134.0,125.0,['people' 'trump' 'like' 'need' 'time' 'home' 'help' 'day' 'make' 'case'],[202 125 116 102  88  83  81  78  76  69]
USA,MO,Missouri,2020,04,0.0673557722499506,2149,474.0,782.0,893.0,8,4,335.0,140.0,105.0,118.0,39.0,121.0,238.0,114.0,557.0,382.0,499.0,78.0,180.0,96.0,648.0,131.0,151.0,99.0,134.0,133.0,['people' 'need' 'time' 'like' 'trump' 'know' 'today' 'home' 'death' 'don'],[191 123 121 111  99  82  80  78  77  73]
USA,MO,Missouri,2020,05,0.08717543970528467,645,131.0,203.0,311.0,8,4,108.0,24.0,30.0,52.0,11.0,32.0,61.0,27.0,179.0,121.0,152.0,28.0,39.0,24.0,201.0,43.0,54.0,25.0,36.0,43.0,['people' 'day' 'need' 'know' 'trump' 'pandemic' 'st' 'like' 'say' 'mask'],[72 38 35 33 32 31 29 28 28 27]
USA,MS,Mississippi,2020,01,-0.10335884353741497,14,6.0,6.0,2.0,8,8,1.0,3.0,1.0,0.0,0.0,1.0,2.0,0.0,6.0,0.0,0.0,3.0,0.0,0.0,3.0,0.0,1.0,0.0,4.0,3.0,['fuck' 'sick' 'make' 'week' 'boy' 'china' 'don' 'earth' 'epidemic' 'joke'],[4 4 3 3 2 2 2 2 2 2]
USA,MS,Mississippi,2020,02,0.01140679653679654,50,9.0,24.0,17.0,8,1,4.0,13.0,0.0,1.0,0.0,4.0,1.0,0.0,18.0,9.0,7.0,17.0,5.0,0.0,9.0,1.0,6.0,3.0,1.0,1.0,"['wuhan' 'flu' 'protect' 'better' 'like' 'type' 'wash' 'china' 'hand'
 'mask']",[7 6 6 5 5 5 5 4 4 4]
USA,MS,Mississippi,2020,03,0.048368676455332896,489,122.0,178.0,189.0,8,4,82.0,69.0,17.0,24.0,8.0,12.0,46.0,17.0,153.0,61.0,91.0,75.0,59.0,17.0,96.0,27.0,40.0,7.0,52.0,25.0,['like' 'people' 'good' 'case' 'don' 'health' 'way' 'home' 'day' 'flu'],[49 46 34 31 22 20 20 19 18 18]
USA,MS,Mississippi,2020,04,0.07308035089223208,505,94.0,202.0,209.0,8,4,74.0,51.0,19.0,57.0,17.0,30.0,32.0,34.0,126.0,65.0,120.0,45.0,55.0,19.0,150.0,18.0,31.0,16.0,21.0,30.0,['people' 'like' 'good' 'home' 'know' 'dr' 'got' 'help' 'thank' 'day'],[38 26 23 22 22 20 20 19 19 18]
USA,MS,Mississippi,2020,05,0.0581512389520202,128,27.0,46.0,55.0,8,0,16.0,11.0,1.0,16.0,0.0,9.0,11.0,5.0,41.0,18.0,40.0,3.0,10.0,4.0,34.0,8.0,7.0,5.0,8.0,9.0,"['pandemic' 'people' 'need' 'starting' 'good' 'got' 'money' 'seeing'
 'social' 'better']",[12 11  8  8  7  7  7  7  7  6]
USA,MT,Montana,2020,01,-0.3333333333333333,3,2.0,1.0,0.0,2,4,0.0,1.0,2.0,0.0,0.0,0.0,0.0,0.0,0.0,0.0,0.0,0.0,0.0,0.0,2.0,0.0,0.0,0.0,0.0,1.0,['guess' 'lab' 'research' 'set' 'wuhan' 'cure' 'dying' 'man' 'ya' 'abc'],[2 2 2 2 2 1 1 1 1 0]
USA,MT,Montana,2020,02,-0.10175189393939395,16,8.0,4.0,4.0,8,6,0.0,4.0,1.0,2.0,0.0,0.0,2.0,0.0,7.0,0.0,1.0,3.0,2.0,1.0,2.0,0.0,6.0,0.0,0.0,1.0,"['people' 'got' 'say' 'agree' 'calling' 'cdc' 'concerned'
 'coronavirusoutbreak' 'dangerous' 'didnt']",[8 3 3 2 2 2 2 2 2 2]
USA,MT,Montana,2020,03,0.055573130110630115,150,27.0,61.0,62.0,8,4,33.0,16.0,8.0,9.0,3.0,9.0,12.0,12.0,36.0,12.0,18.0,9.0,17.0,6.0,40.0,12.0,11.0,16.0,11.0,10.0,"['people' 'don' 'fuck' 'trump' 'stay' 'social' 'bar' 'distancing'
 'pandemic' 'realdonaldtrump']",[12 11 11 11 10  9  8  8  8  8]
USA,MT,Montana,2020,04,0.04267752884278308,177,47.0,71.0,59.0,8,0,35.0,5.0,11.0,8.0,0.0,18.0,9.0,10.0,47.0,34.0,58.0,2.0,17.0,6.0,46.0,12.0,4.0,9.0,12.0,11.0,"['case' 'home' 'trump' 'death' 'report' 'china' 'know' 'life' 'wuhan'
 'cost']",[15 13 13 11 10  9  9  9  8  7]
USA,MT,Montana,2020,05,0.04478582497048406,44,7.0,22.0,15.0,2,0,7.0,1.0,14.0,1.0,0.0,6.0,4.0,1.0,7.0,3.0,10.0,0.0,6.0,0.0,7.0,4.0,6.0,5.0,5.0,1.0,"['people' 'like' 'nyc' 'testing' 'vaccine' 'answer' 'case' 'new' 'trump'
 'area']",[8 7 6 6 6 5 5 5 5 4]
USA,NC,North Carolina,2020,01,0.042704181950365155,131,31.0,55.0,45.0,8,4,17.0,33.0,11.0,3.0,5.0,2.0,6.0,4.0,44.0,6.0,7.0,23.0,17.0,11.0,30.0,5.0,12.0,1.0,14.0,11.0,"['people' 'china' 'like' 'wuhan' 'going' 'outbreak' 'flu' 'really' 'beer'
 'don']",[22 18 16 15 14 13  8  8  7  7]
USA,NC,North Carolina,2020,02,0.010157865663748019,340,78.0,155.0,107.0,8,1,43.0,60.0,28.0,7.0,7.0,7.0,23.0,15.0,127.0,23.0,44.0,101.0,16.0,10.0,54.0,14.0,23.0,22.0,28.0,28.0,['people' 'beer' 'trump' 'china' 'like' 'think' 'got' 'know' 'say' 'thing'],[35 22 21 18 18 18 16 16 15 15]
USA,NC,North Carolina,2020,03,0.07249433588169528,3175,656.0,1250.0,1269.0,8,4,452.0,329.0,177.0,221.0,71.0,115.0,253.0,176.0,915.0,466.0,595.0,332.0,399.0,158.0,816.0,144.0,183.0,125.0,189.0,234.0,"['people' 'like' 'time' 'know' 'need' 'day' 'trump' 'pandemic' 'make'
 'don']",[227 174 160 120 120 119 119 115 112 106]
USA,NC,North Carolina,2020,04,0.07223562635815685,3818,756.0,1433.0,1629.0,8,4,620.0,228.0,195.0,271.0,85.0,200.0,382.0,210.0,938.0,689.0,942.0,170.0,325.0,196.0,1141.0,193.0,193.0,198.0,284.0,176.0,"['people' 'time' 'like' 'trump' 'day' 'need' 'home' 'pandemic' 'new'
 'week']",[246 214 201 194 186 182 156 147 146 136]
USA,NC,North Carolina,2020,05,0.07140854886647521,1192,267.0,412.0,513.0,8,4,173.0,85.0,45.0,93.0,34.0,60.0,108.0,69.0,264.0,261.0,335.0,38.0,89.0,66.0,345.0,69.0,51.0,47.0,75.0,77.0,['day' 'people' 'like' 'going' 'need' 'time' 'death' 'trump' 'today' 'new'],[81 66 65 58 57 57 52 51 46 41]
USA,ND,North Dakota,2020,01,0.04111111111111111,5,2.0,0.0,3.0,1,1,0.0,3.0,0.0,2.0,0.0,0.0,0.0,0.0,0.0,0.0,2.0,3.0,0.0,0.0,0.0,0.0,0.0,0.0,0.0,0.0,"['bar' 'crazy' 'medium' 'pretty' 'running' 'social' 'sure' 'thought'
 'safe' 'abc']",[2 2 2 2 2 2 2 2 1 0]
USA,ND,North Dakota,2020,02,-0.056413514022209676,23,12.0,3.0,8.0,8,1,1.0,0.0,6.0,1.0,0.0,0.0,2.0,1.0,11.0,1.0,2.0,7.0,0.0,1.0,3.0,1.0,2.0,2.0,3.0,2.0,"['realdonaldtrump' 'medium' 'current' 'day' 'flu' 'like' 'administration'
 'better' 'death' 'hurt']",[6 4 3 3 3 3 2 2 2 2]
USA,ND,North Dakota,2020,03,0.12581027515334084,137,26.0,45.0,66.0,8,0,26.0,13.0,3.0,21.0,1.0,3.0,10.0,5.0,28.0,27.0,31.0,10.0,13.0,5.0,30.0,17.0,5.0,3.0,16.0,7.0,"['case' 'time' 'people' 'best' 'email' 'confirmed' 'county' 'don' 'going'
 'home']",[13 13 11  8  8  7  7  7  7  7]
USA,ND,North Dakota,2020,04,0.08953988902179692,152,21.0,59.0,72.0,8,4,38.0,2.0,11.0,12.0,1.0,9.0,5.0,8.0,45.0,21.0,23.0,10.0,21.0,10.0,42.0,15.0,14.0,8.0,6.0,3.0,"['county' 'case' 'people' 'day' 'death' 'know' 'new' 'thank' 'today'
 'need']",[19 17 15 14 14 11 11 11 10  9]
USA,ND,North Dakota,2020,05,0.1408641821141821,39,7.0,12.0,20.0,0,4,17.0,0.0,2.0,0.0,0.0,1.0,3.0,0.0,12.0,4.0,11.0,0.0,0.0,3.0,12.0,2.0,4.0,1.0,1.0,5.0,"['care' 'north' 'people' 'county' 'case' 'home' 'work' 'away' 'day'
 'death']",[9 8 7 6 5 5 5 4 4 4]
USA,NE,Nebraska,2020,01,0.02620205026455026,18,5.0,8.0,5.0,8,1,3.0,3.0,1.0,0.0,4.0,0.0,0.0,0.0,5.0,2.0,3.0,9.0,0.0,0.0,2.0,0.0,0.0,0.0,2.0,2.0,"['worse' 'beer' 'morning' 'music' 'politics' 'spreading' 'better' 'bitch'
 'case' 'comment']",[4 3 3 3 3 3 2 2 2 2]
USA,NE,Nebraska,2020,02,0.04928913139329806,90,19.0,44.0,27.0,8,4,14.0,6.0,4.0,4.0,6.0,8.0,5.0,5.0,30.0,8.0,8.0,10.0,11.0,5.0,28.0,7.0,5.0,4.0,7.0,5.0,"['wuhan' 'flu' 'way' 'week' 'world' 'pandemic' 'quarantine' 'china' 'day'
 'hand']",[14 10  8  8  8  7  7  6  6  6]
USA,NE,Nebraska,2020,03,0.05504410064086557,653,149.0,250.0,254.0,8,4,90.0,63.0,27.0,36.0,13.0,27.0,77.0,23.0,185.0,112.0,125.0,86.0,65.0,23.0,175.0,33.0,47.0,14.0,40.0,45.0,['people' 'like' 'health' 'time' 'know' 'case' 'going' 'home' 'week' 'day'],[66 48 36 36 31 25 25 25 25 24]
USA,NE,Nebraska,2020,04,0.08496444426409104,728,155.0,255.0,318.0,8,4,139.0,41.0,43.0,37.0,17.0,41.0,69.0,44.0,178.0,119.0,174.0,21.0,59.0,24.0,215.0,49.0,41.0,31.0,48.0,66.0,"['case' 'people' 'pandemic' 'going' 'county' 'death' 'good' 'trump' 'home'
 'time']",[51 46 38 37 36 36 35 35 32 32]
USA,NE,Nebraska,2020,05,0.10569130609401545,290,47.0,99.0,144.0,8,0,68.0,11.0,13.0,22.0,8.0,15.0,21.0,6.0,73.0,53.0,87.0,10.0,15.0,17.0,83.0,17.0,16.0,11.0,12.0,22.0,"['case' 'new' 'confirmed' 'people' 'death' 'positive' 'tested' 'don'
 'home' 'test']",[35 23 22 22 17 17 17 15 15 15]
USA,NH,New Hampshire,2020,01,0.06594798920885879,23,7.0,3.0,13.0,0,1,11.0,2.0,0.0,3.0,0.0,0.0,1.0,1.0,5.0,0.0,1.0,8.0,0.0,0.0,3.0,7.0,3.0,0.0,1.0,0.0,"['china' 'breaking' 'health' 'wuhan' 'time' 'travel' 'want' 'book' 'came'
 'cdc']",[7 6 5 5 4 4 4 3 3 3]
USA,NH,New Hampshire,2020,02,0.007812816616008108,47,7.0,27.0,13.0,8,4,3.0,4.0,6.0,5.0,0.0,3.0,5.0,8.0,9.0,4.0,3.0,9.0,7.0,7.0,11.0,3.0,2.0,1.0,0.0,4.0,"['wuhan' 'china' 'nurse' 'outbreak' 'need' 'think' 'face' 'flu' 'look'
 'case']",[14 10  8  7  5  5  4  4  4  3]
USA,NH,New Hampshire,2020,03,0.036396654821764955,454,89.0,195.0,170.0,8,0,80.0,17.0,33.0,44.0,6.0,24.0,47.0,33.0,96.0,74.0,117.0,28.0,75.0,29.0,106.0,17.0,26.0,12.0,15.0,29.0,"['people' 'coronaviruspandemic' 'china' 'coronavirusoutbreak' 'day' 'work'
 'like' 'need' 'help' 'think']",[36 30 27 25 21 21 20 20 18 17]
USA,NH,New Hampshire,2020,04,0.061121406423666313,531,108.0,210.0,213.0,8,0,96.0,16.0,43.0,38.0,10.0,30.0,45.0,27.0,121.0,105.0,160.0,12.0,65.0,32.0,121.0,25.0,24.0,18.0,40.0,34.0,['new' 'people' 'don' 'time' 'home' 'like' 'need' 'trump' 'say' 'death'],[40 38 29 28 24 24 23 23 22 21]
USA,NH,New Hampshire,2020,05,0.08138095734738791,179,42.0,63.0,74.0,8,0,34.0,7.0,12.0,7.0,2.0,11.0,19.0,21.0,48.0,18.0,50.0,2.0,26.0,11.0,36.0,17.0,6.0,13.0,13.0,5.0,['time' 'death' 'day' 'trump' 'like' 'news' 'people' 'case' 'going' 'huge'],[18 15 11 11 10  9  9  8  8  8]
USA,NJ,New Jersey,2020,01,-0.00467315295815296,125,31.0,48.0,46.0,8,4,21.0,25.0,4.0,1.0,1.0,4.0,13.0,8.0,36.0,12.0,11.0,17.0,15.0,3.0,48.0,11.0,7.0,4.0,6.0,3.0,"['wuhan' 'china' 'dont' 'know' 'people' 'chinese' 'spread' 'think'
 'control' 'got']",[29 20 10  9  9  8  8  8  7  7]
USA,NJ,New Jersey,2020,02,0.03171703853177957,502,115.0,222.0,165.0,8,1,61.0,108.0,47.0,22.0,9.0,25.0,46.0,15.0,136.0,33.0,45.0,144.0,40.0,15.0,95.0,30.0,36.0,41.0,31.0,25.0,['china' 'people' 'wuhan' 'trump' 'know' 'like' 'man' 'time' 'case' 'don'],[63 60 51 44 28 24 23 20 18 18]
USA,NJ,New Jersey,2020,03,0.05905432078796597,3661,830.0,1366.0,1465.0,8,4,477.0,398.0,233.0,232.0,54.0,160.0,320.0,162.0,1130.0,495.0,602.0,441.0,462.0,202.0,965.0,185.0,179.0,150.0,227.0,248.0,"['people' 'like' 'need' 'new' 'time' 'day' 'trump' 'realdonaldtrump'
 'pandemic' 'don']",[242 208 190 189 174 148 148 142 119 115]
USA,NJ,New Jersey,2020,04,0.0667654712147329,4639,1006.0,1632.0,2001.0,8,4,719.0,286.0,276.0,314.0,109.0,257.0,450.0,264.0,1113.0,851.0,1067.0,193.0,505.0,231.0,1298.0,257.0,254.0,274.0,281.0,279.0,"['people' 'new' 'trump' 'like' 'need' 'time' 'day' 'realdonaldtrump'
 'pandemic' 'home']",[357 300 265 238 238 220 201 193 175 172]
USA,NJ,New Jersey,2020,05,0.0717932828436086,1502,319.0,542.0,641.0,8,4,227.0,87.0,90.0,95.0,33.0,61.0,142.0,71.0,402.0,294.0,373.0,68.0,146.0,71.0,393.0,86.0,98.0,65.0,99.0,103.0,"['people' 'new' 'like' 'time' 'pandemic' 'day' 'realdonaldtrump' 'trump'
 'death' 'thank']",[146  84  82  81  77  71  70  66  65  62]
USA,NM,New Mexico,2020,01,0.22785493827160494,18,1.0,4.0,13.0,8,1,0.0,3.0,3.0,0.0,0.0,1.0,1.0,1.0,6.0,3.0,1.0,4.0,0.0,1.0,4.0,4.0,0.0,0.0,4.0,0.0,['kid' 'like' 'make' 'news' 'week' 'work' 'yes' 'choice' 'city' 'friend'],[3 3 3 3 3 3 3 2 2 2]
USA,NM,New Mexico,2020,02,0.014954048322950761,82,19.0,40.0,23.0,8,1,5.0,8.0,8.0,1.0,0.0,12.0,4.0,3.0,38.0,3.0,4.0,22.0,2.0,6.0,14.0,10.0,8.0,9.0,5.0,2.0,"['people' 'beer' 'drinking' 'american' 'really' 'time' 'trump' 'china'
 'drink' 'oh']",[15 10  8  7  7  7  6  5  5  5]
USA,NM,New Mexico,2020,03,0.013922821461883965,592,155.0,244.0,193.0,8,4,81.0,70.0,28.0,35.0,8.0,33.0,49.0,24.0,164.0,100.0,111.0,59.0,64.0,31.0,145.0,24.0,44.0,33.0,41.0,40.0,"['people' 'new' 'like' 'need' 'home' 'know' 'stay' 'trump' 'pandemic'
 'got']",[67 43 42 33 29 25 24 22 21 20]
USA,NM,New Mexico,2020,04,0.05921208357135228,777,159.0,315.0,303.0,8,4,124.0,36.0,62.0,53.0,14.0,45.0,70.0,48.0,200.0,125.0,197.0,19.0,56.0,39.0,243.0,37.0,45.0,43.0,55.0,43.0,"['new' 'people' 'realdonaldtrump' 'death' 'time' 'trump' 'like' 'need'
 'know' 'home']",[53 50 45 42 39 37 35 32 31 30]
USA,NM,New Mexico,2020,05,0.0472071450601985,262,56.0,105.0,101.0,8,4,41.0,6.0,18.0,13.0,4.0,21.0,32.0,8.0,66.0,53.0,60.0,11.0,14.0,8.0,86.0,19.0,16.0,17.0,19.0,12.0,"['new' 'people' 'death' 'number' 'realdonaldtrump' 'week' 'like' 'think'
 'trump' 'stay']",[30 19 17 17 15 13 12 12 12 11]
USA,NV,Nevada,2020,01,0.04286157024793388,110,25.0,51.0,34.0,1,1,22.0,31.0,3.0,0.0,6.0,3.0,1.0,9.0,20.0,15.0,4.0,41.0,14.0,4.0,15.0,5.0,10.0,3.0,7.0,7.0,"['wuhan' 'day' 'people' 'china' 'case' 'information' 'like' 'million'
 'flu' 'new']",[20 11 10  9  7  7  6  6  5  5]
USA,NV,Nevada,2020,02,0.018116190386410973,272,66.0,120.0,86.0,8,1,35.0,58.0,10.0,4.0,9.0,13.0,25.0,20.0,81.0,17.0,30.0,84.0,31.0,12.0,36.0,11.0,30.0,9.0,13.0,16.0,['people' 'wuhan' 'china' 'got' 'don' 'think' 'beer' 'flu' 'case' 'death'],[38 38 29 19 18 17 15 15 14 14]
USA,NV,Nevada,2020,03,0.04718099419701936,1930,444.0,788.0,698.0,8,4,272.0,205.0,111.0,118.0,41.0,106.0,166.0,94.0,586.0,231.0,309.0,246.0,264.0,95.0,464.0,121.0,116.0,81.0,112.0,122.0,['people' 'like' 'know' 'time' 'need' 'trump' 'don' 'stay' 'work' 'day'],[155 107  94  89  73  73  69  68  65  61]
USA,NV,Nevada,2020,04,0.04925224685452848,2463,584.0,938.0,941.0,8,4,362.0,173.0,179.0,165.0,58.0,167.0,196.0,120.0,700.0,343.0,448.0,107.0,302.0,109.0,721.0,120.0,168.0,158.0,166.0,164.0,"['people' 'trump' 'like' 'time' 'know' 'pandemic' 'going' 'need' 'home'
 'death']",[223 150 128 113 104 100  98  97  85  81]
USA,NV,Nevada,2020,05,0.04733359088667782,774,175.0,309.0,290.0,8,4,142.0,45.0,36.0,73.0,35.0,40.0,65.0,40.0,208.0,90.0,171.0,27.0,106.0,29.0,220.0,36.0,48.0,46.0,42.0,49.0,"['people' 'trump' 'think' 'home' 'know' 'time' 'pandemic' 'like' 'death'
 'good']",[66 50 34 33 32 32 30 29 28 27]
USA,NY,New York,2020,01,0.057683316881936515,489,94.0,204.0,191.0,8,1,70.0,97.0,37.0,29.0,5.0,16.0,45.0,27.0,134.0,29.0,38.0,131.0,70.0,35.0,97.0,26.0,38.0,9.0,20.0,25.0,['china' 'wuhan' 'people' 'new' 'like' 'case' 'flu' 'chinese' 'day' 'mask'],[91 85 44 34 26 23 23 22 20 20]
USA,NY,New York,2020,02,0.044506828138279365,1728,366.0,718.0,644.0,8,1,290.0,303.0,120.0,83.0,25.0,55.0,170.0,70.0,479.0,133.0,216.0,531.0,105.0,53.0,292.0,95.0,107.0,100.0,123.0,106.0,"['wuhan' 'people' 'china' 'new' 'like' 'trump' 'need' 'think' 'time'
 'know']",[155 140 120 102  99  89  64  61  59  56]
USA,NY,New York,2020,03,0.05493551590305761,12998,2859.0,4942.0,5197.0,8,4,1959.0,1424.0,654.0,853.0,256.0,563.0,1150.0,745.0,3592.0,1802.0,2208.0,1672.0,1652.0,615.0,3175.0,713.0,762.0,506.0,849.0,846.0,['people' 'new' 'like' 'time' 'nyc' 'york' 'need' 'day' 'home' 'know'],[1068  929  700  602  572  539  538  501  501  468]
USA,NY,New York,2020,04,0.05359268302315706,16453,3926.0,5783.0,6744.0,8,4,2681.0,876.0,958.0,1102.0,352.0,888.0,1584.0,1458.0,3725.0,2829.0,3827.0,696.0,2157.0,701.0,4250.0,953.0,931.0,974.0,1082.0,882.0,"['new' 'people' 'trump' 'york' 'nyc' 'like' 'need' 'time' 'pandemic'
 'death']",[1446 1271 1010  874  850  830  787  776  741  639]
USA,NY,New York,2020,05,0.05665352339168982,5686,1412.0,2008.0,2266.0,8,0,945.0,309.0,314.0,354.0,125.0,270.0,528.0,639.0,1244.0,958.0,1477.0,267.0,728.0,222.0,1363.0,334.0,333.0,270.0,391.0,301.0,"['new' 'people' 'york' 'nyc' 'day' 'like' 'challenge' 'pandemic' 'trump'
 'face']",[501 454 317 301 285 281 278 267 253 239]
USA,OH,Ohio,2020,01,0.06143492750635607,147,21.0,83.0,43.0,8,1,21.0,30.0,15.0,4.0,4.0,2.0,4.0,2.0,50.0,15.0,13.0,41.0,17.0,6.0,24.0,5.0,10.0,3.0,19.0,9.0,"['china' 'like' 'wuhan' 'people' 'beer' 'know' 'think' 'chinese' 'hair'
 'love']",[22 18 14 12 10  8  7  6  6  6]
USA,OH,Ohio,2020,02,0.03651279886361545,398,101.0,141.0,156.0,8,1,43.0,68.0,41.0,14.0,11.0,12.0,24.0,12.0,147.0,26.0,37.0,123.0,27.0,17.0,54.0,24.0,33.0,16.0,26.0,41.0,['people' 'beer' 'flu' 'wuhan' 'know' 'china' 'think' 'like' 'don' 'good'],[47 27 26 24 22 19 19 18 16 16]
USA,OH,Ohio,2020,03,0.07181806999992947,4581,929.0,1770.0,1882.0,8,4,617.0,493.0,246.0,302.0,75.0,188.0,421.0,232.0,1345.0,662.0,800.0,568.0,514.0,218.0,1220.0,243.0,286.0,152.0,292.0,288.0,"['people' 'like' 'ohio' 'time' 'day' 'need' 'home' 'going' 'think'
 'pandemic']",[400 238 223 223 186 181 170 169 157 152]
USA,OH,Ohio,2020,04,0.05677186045939053,5155,1121.0,2036.0,1998.0,8,4,871.0,340.0,270.0,308.0,103.0,322.0,479.0,295.0,1262.0,905.0,1198.0,256.0,551.0,213.0,1391.0,270.0,352.0,284.0,345.0,295.0,"['people' 'ohio' 'pandemic' 'like' 'trump' 'need' 'time' 'death' 'day'
 'know']",[414 322 276 254 253 227 224 211 186 186]
USA,OH,Ohio,2020,05,0.06895025540478632,1675,338.0,660.0,677.0,8,0,218.0,132.0,78.0,97.0,41.0,106.0,179.0,94.0,425.0,305.0,435.0,76.0,134.0,87.0,418.0,68.0,101.0,96.0,125.0,135.0,"['people' 'trump' 'ohio' 'know' 'need' 'time' 'day' 'pandemic' 'home'
 'like']",[142 102  97  79  75  71  69  69  68  66]
USA,OK,Oklahoma,2020,01,0.012273779461279473,48,16.0,13.0,19.0,8,1,10.0,6.0,2.0,0.0,0.0,2.0,4.0,2.0,21.0,1.0,5.0,12.0,5.0,3.0,10.0,4.0,2.0,0.0,6.0,1.0,"['china' 'wuhan' 'great' 'death' 'thing' 'allow' 'black' 'came'
 'cancelled' 'cnn']",[6 6 5 4 4 3 3 3 3 3]
USA,OK,Oklahoma,2020,02,0.015831240016022624,92,27.0,31.0,34.0,8,1,10.0,21.0,9.0,3.0,1.0,5.0,4.0,2.0,37.0,0.0,4.0,42.0,5.0,5.0,15.0,4.0,7.0,2.0,3.0,5.0,['people' 'dont' 'time' 'beer' 'dog' 'going' 'say' 'wuhan' 'china' 'didn'],[9 7 7 6 6 6 6 6 5 5]
USA,OK,Oklahoma,2020,03,0.06413041826103004,1101,218.0,454.0,429.0,8,4,188.0,123.0,51.0,92.0,18.0,42.0,71.0,41.0,339.0,136.0,203.0,134.0,131.0,53.0,243.0,71.0,69.0,29.0,81.0,87.0,['people' 'need' 'know' 'case' 'time' 'like' 'day' 'going' 'got' 'don'],[98 62 60 57 56 55 44 43 43 41]
USA,OK,Oklahoma,2020,04,0.04959556428293612,1254,280.0,461.0,513.0,8,0,213.0,86.0,85.0,81.0,25.0,57.0,95.0,74.0,329.0,209.0,345.0,56.0,118.0,64.0,295.0,62.0,100.0,48.0,103.0,63.0,"['people' 'death' 'case' 'like' 'need' 'day' 'time' 'trump' 'new'
 'pandemic']",[131  86  77  64  61  54  54  54  52  52]
USA,OK,Oklahoma,2020,05,0.037856455671699575,410,113.0,114.0,183.0,8,0,87.0,28.0,25.0,26.0,9.0,24.0,23.0,8.0,111.0,69.0,107.0,15.0,22.0,27.0,107.0,14.0,60.0,11.0,26.0,21.0,"['people' 'case' 'total' 'new' 'death' 'day' 'million' 'recovered' 'hour'
 'infection']",[69 53 44 39 36 31 30 27 25 25]
USA,OR,Oregon,2020,01,0.04981672047350013,59,7.0,34.0,18.0,0,2,23.0,1.0,13.0,0.0,0.0,2.0,1.0,2.0,14.0,3.0,2.0,4.0,19.0,3.0,8.0,8.0,4.0,1.0,6.0,4.0,"['wuhan' 'chinese' 'china' 'working' 'like' 'outbreak' 'realdonaldtrump'
 'know' 'lab' 'world']",[23 14 13 10  9  9  8  7  7  7]
USA,OR,Oregon,2020,02,0.07619114392356799,254,55.0,87.0,112.0,8,4,31.0,44.0,16.0,11.0,9.0,16.0,22.0,15.0,70.0,20.0,37.0,50.0,21.0,16.0,56.0,17.0,17.0,14.0,17.0,9.0,"['people' 'good' 'news' 'right' 'need' 'beer' 'trump' 'like' 'spread'
 'china']",[28 18 14 14 13 12 12 11 11 10]
USA,OR,Oregon,2020,03,0.060599771700482884,1838,415.0,661.0,762.0,8,4,248.0,161.0,105.0,128.0,18.0,88.0,166.0,103.0,543.0,278.0,351.0,170.0,197.0,96.0,449.0,88.0,134.0,88.0,139.0,126.0,['people' 'like' 'time' 'home' 'trump' 'stay' 'need' 'work' 'know' 'good'],[187 132  99  88  82  80  78  70  65  64]
USA,OR,Oregon,2020,04,0.058191735932510036,2022,443.0,775.0,804.0,8,4,306.0,104.0,148.0,133.0,50.0,104.0,242.0,98.0,513.0,324.0,426.0,77.0,198.0,113.0,569.0,122.0,121.0,154.0,133.0,109.0,"['people' 'trump' 'time' 'day' 'like' 'need' 'pandemic' 'know' 'new'
 'home']",[177 140 106  97  91  87  87  81  77  69]
USA,OR,Oregon,2020,05,0.03602028511758227,662,148.0,268.0,246.0,8,4,119.0,25.0,42.0,45.0,14.0,37.0,61.0,48.0,181.0,90.0,164.0,26.0,61.0,33.0,175.0,39.0,43.0,54.0,43.0,24.0,"['trump' 'people' 'like' 'realdonaldtrump' 'know' 'need' 'way' 'time'
 'want' 'day']",[72 62 34 28 27 27 27 26 26 24]
USA,PA,Pennsylvania,2020,01,0.008086471861471862,200,48.0,97.0,55.0,8,4,31.0,17.0,14.0,5.0,8.0,6.0,15.0,9.0,79.0,16.0,18.0,34.0,24.0,7.0,54.0,7.0,12.0,9.0,28.0,7.0,"['wuhan' 'china' 'like' 'day' 'people' 'make' 'don' 'know' 'case'
 'disease']",[38 34 22 18 16 15 12 12 10 10]
USA,PA,Pennsylvania,2020,02,0.020219895631291215,498,125.0,193.0,180.0,8,1,68.0,78.0,39.0,17.0,15.0,25.0,54.0,18.0,161.0,23.0,59.0,122.0,29.0,17.0,100.0,20.0,34.0,29.0,42.0,46.0,['people' 'trump' 'like' 'case' 'wuhan' 'flu' 'china' 'going' 'say' 'don'],[39 35 34 33 32 30 29 27 25 24]
USA,PA,Pennsylvania,2020,03,0.05138447622684722,4147,915.0,1647.0,1585.0,8,4,611.0,462.0,202.0,273.0,62.0,202.0,375.0,218.0,1155.0,587.0,761.0,485.0,509.0,191.0,1036.0,229.0,238.0,156.0,255.0,287.0,['people' 'like' 'stay' 'time' 'home' 'need' 'day' 'know' 'don' 'pandemic'],[320 224 176 176 172 157 156 143 140 137]
USA,PA,Pennsylvania,2020,04,0.06410294493927587,5143,1159.0,1817.0,2167.0,8,4,816.0,331.0,319.0,317.0,121.0,332.0,500.0,305.0,1248.0,854.0,1172.0,226.0,595.0,221.0,1415.0,290.0,262.0,298.0,331.0,333.0,"['people' 'trump' 'time' 'like' 'need' 'pandemic' 'new' 'know' 'death'
 'help']",[356 350 271 267 258 255 232 204 183 167]
USA,PA,Pennsylvania,2020,05,0.051525922830790584,1777,425.0,663.0,689.0,8,4,280.0,118.0,121.0,112.0,34.0,114.0,163.0,87.0,426.0,322.0,443.0,66.0,171.0,64.0,491.0,114.0,105.0,102.0,117.0,104.0,"['people' 'trump' 'day' 'like' 'need' 'home' 'death' 'life' 'time'
 'pandemic']",[140 128  95  92  79  72  71  66  66  65]
USA,RI,Rhode Island,2020,01,-0.0013545048701298712,16,3.0,7.0,6.0,1,1,3.0,5.0,1.0,0.0,0.0,2.0,1.0,0.0,3.0,1.0,0.0,5.0,1.0,0.0,5.0,1.0,0.0,1.0,1.0,2.0,"['china' 'way' 'government' 'make' 'news' 'real' 'really' 'sent' 'aid'
 'beer']",[6 3 2 2 2 2 2 2 1 1]
USA,RI,Rhode Island,2020,02,-0.08925748228379808,76,31.0,31.0,14.0,1,4,10.0,18.0,10.0,1.0,1.0,4.0,8.0,2.0,17.0,5.0,11.0,18.0,5.0,4.0,19.0,3.0,4.0,6.0,3.0,3.0,['flu' 'trump' 'wuhan' 'guy' 'let' 'like' 'people' 'public' 'say' 'thank'],[9 7 6 5 5 5 5 5 5 5]
USA,RI,Rhode Island,2020,03,0.06345869863001243,529,115.0,195.0,219.0,8,4,84.0,50.0,27.0,46.0,11.0,29.0,49.0,23.0,116.0,94.0,114.0,67.0,59.0,19.0,141.0,28.0,37.0,18.0,27.0,19.0,['people' 'case' 'day' 'like' 'need' 'time' 'work' 'know' 'today' 'home'],[45 38 37 37 26 25 25 24 23 20]
USA,RI,Rhode Island,2020,04,0.04310712479139709,639,172.0,215.0,252.0,8,4,99.0,37.0,21.0,42.0,16.0,34.0,67.0,40.0,180.0,103.0,121.0,27.0,45.0,38.0,207.0,36.0,56.0,42.0,31.0,36.0,['people' 'trump' 'home' 'new' 'day' 'good' 'know' 'time' 'death' 'really'],[74 49 47 38 34 33 31 31 29 28]
USA,RI,Rhode Island,2020,05,0.01588118240067781,218,62.0,67.0,89.0,8,4,38.0,12.0,22.0,9.0,7.0,5.0,17.0,8.0,58.0,42.0,43.0,5.0,14.0,10.0,65.0,15.0,9.0,19.0,19.0,19.0,"['people' 'trump' 'really' 'evil' 'home' 'like' 'family' 'care' 'day'
 'know']",[22 21 17 16 16 16 12 11 11 11]
USA,SC,South Carolina,2020,01,0.024043372715247716,48,7.0,26.0,15.0,8,4,7.0,7.0,3.0,2.0,1.0,2.0,3.0,2.0,18.0,3.0,4.0,9.0,8.0,0.0,15.0,3.0,2.0,0.0,0.0,7.0,"['china' 'got' 'dr' 'people' 'cure' 'flight' 'outbreak' 'patient' 'person'
 'right']",[9 7 6 5 4 4 4 4 4 4]
USA,SC,South Carolina,2020,02,0.0035792607929704743,155,33.0,76.0,46.0,8,1,14.0,18.0,28.0,5.0,1.0,6.0,13.0,7.0,55.0,8.0,17.0,37.0,7.0,7.0,24.0,9.0,15.0,13.0,8.0,18.0,"['china' 'people' 'wuhan' 'think' 'trump' 'america' 'realdonaldtrump'
 'really' 'beer' 'called']",[16 16 15  9  9  8  8  8  7  7]
USA,SC,South Carolina,2020,03,0.05051088999582408,1062,223.0,433.0,406.0,8,4,160.0,104.0,67.0,73.0,19.0,50.0,96.0,51.0,316.0,126.0,210.0,102.0,147.0,53.0,264.0,76.0,50.0,51.0,58.0,51.0,['people' 'like' 'time' 'know' 'day' 'case' 'need' 'don' 'say' 'make'],[74 65 52 48 45 44 42 41 39 37]
USA,SC,South Carolina,2020,04,0.0585043457716186,1253,290.0,466.0,497.0,8,4,185.0,87.0,91.0,65.0,36.0,76.0,96.0,81.0,324.0,212.0,290.0,55.0,131.0,59.0,361.0,69.0,58.0,44.0,92.0,94.0,['like' 'people' 'going' 'time' 'know' 'home' 'need' 'day' 'news' 'think'],[83 75 63 61 60 55 52 48 48 48]
USA,SC,South Carolina,2020,05,0.05957579278966747,391,90.0,137.0,164.0,8,4,76.0,29.0,22.0,20.0,10.0,22.0,23.0,21.0,114.0,54.0,87.0,27.0,47.0,17.0,90.0,21.0,24.0,23.0,32.0,23.0,['people' 'like' 'new' 'day' 'trump' 'death' 'need' 'today' 'know' 'life'],[36 28 25 21 20 18 18 17 16 14]
USA,SD,South Dakota,2020,01,-0.1,2,1.0,1.0,0.0,1,1,0.0,1.0,0.0,0.0,0.0,0.0,0.0,0.0,1.0,0.0,0.0,1.0,0.0,0.0,0.0,0.0,1.0,0.0,0.0,0.0,"['flu' 'people' 'beer' 'died' 'epidemic' 'joke' 'killed' 'season' 'seeing'
 'abc']",[2 2 1 1 1 1 1 1 1 0]
USA,SD,South Dakota,2020,02,-0.13626314162028447,14,6.0,5.0,3.0,8,0,3.0,4.0,0.0,0.0,0.0,0.0,1.0,0.0,6.0,0.0,3.0,2.0,0.0,2.0,3.0,1.0,1.0,0.0,0.0,2.0,"['know' 'ain' 'china' 'people' 'realdonaldtrump' 'according' 'big' 'case'
 'city' 'closed']",[3 2 2 2 2 1 1 1 1 1]
USA,SD,South Dakota,2020,03,0.08643261698618843,140,38.0,37.0,65.0,8,0,27.0,15.0,5.0,8.0,3.0,7.0,13.0,8.0,39.0,15.0,30.0,19.0,17.0,5.0,24.0,3.0,8.0,4.0,13.0,17.0,['people' 'im' 'new' 'south' 'flu' 'good' 'know' 'like' 'look' 'positive'],[11  9  8  7  6  6  6  6  6  6]
USA,SD,South Dakota,2020,04,0.05770275119617225,190,51.0,60.0,79.0,8,4,29.0,13.0,5.0,13.0,0.0,14.0,27.0,7.0,45.0,37.0,41.0,6.0,15.0,19.0,53.0,7.0,15.0,7.0,17.0,10.0,"['people' 'like' 'home' 'order' 'stay' 'patient' 'case' 'need' 'better'
 'say']",[18 17 16 15 14 13 12 12 11 11]
USA,SD,South Dakota,2020,05,0.0635295709192768,68,14.0,23.0,31.0,8,4,6.0,3.0,1.0,2.0,0.0,8.0,5.0,5.0,24.0,14.0,12.0,3.0,6.0,5.0,18.0,4.0,9.0,3.0,4.0,4.0,"['south' 'people' 'business' 'going' 'good' 'like' 'getting' 'week'
 'county' 'death']",[14  8  6  6  6  6  5  5  4  4]
USA,TN,Tennessee,2020,01,0.0464703425229741,76,16.0,33.0,27.0,8,1,9.0,18.0,5.0,2.0,0.0,0.0,4.0,3.0,31.0,4.0,4.0,19.0,11.0,2.0,9.0,2.0,10.0,2.0,13.0,4.0,"['china' 'people' 'know' 'wuhan' 'don' 'like' 'flu' 'got' 'outbreak'
 'safe']",[19 14 12 11  9  9  8  5  5  5]
USA,TN,Tennessee,2020,02,0.017248879851491792,268,66.0,105.0,97.0,8,1,43.0,34.0,24.0,10.0,4.0,12.0,21.0,10.0,90.0,20.0,33.0,63.0,31.0,16.0,40.0,8.0,11.0,20.0,19.0,27.0,"['china' 'like' 'people' 'trump' 'health' 'know' 'wuhan' 'think' 'time'
 'travel']",[24 20 17 17 16 15 14 12 12 12]
USA,TN,Tennessee,2020,03,0.05230621751943319,2570,544.0,1073.0,953.0,8,4,342.0,291.0,129.0,200.0,54.0,97.0,192.0,115.0,755.0,395.0,448.0,299.0,292.0,132.0,673.0,127.0,159.0,76.0,185.0,179.0,['people' 'time' 'like' 'home' 'don' 'case' 'know' 'need' 'day' 'stay'],[205 146 124 111 106 102 100  93  85  82]
USA,TN,Tennessee,2020,04,0.07509685254391447,3186,661.0,1196.0,1329.0,8,4,529.0,207.0,172.0,289.0,59.0,176.0,283.0,143.0,790.0,538.0,728.0,147.0,317.0,142.0,972.0,169.0,190.0,120.0,220.0,181.0,['people' 'like' 'time' 'day' 'home' 'need' 'pandemic' 'case' 'good' 'say'],[244 171 168 134 130 124 119 118 112 109]
USA,TN,Tennessee,2020,05,0.06917482294752031,950,206.0,333.0,411.0,0,4,222.0,55.0,47.0,85.0,17.0,42.0,63.0,44.0,218.0,157.0,247.0,36.0,71.0,37.0,282.0,56.0,40.0,55.0,62.0,64.0,"['new' 'death' 'people' 'case' 'trump' 'day' 'positive' 'number' 'test'
 'think']",[69 66 55 53 51 44 41 37 37 37]
USA,TX,Texas,2020,01,0.014389525958674897,564,113.0,299.0,152.0,8,1,82.0,127.0,27.0,21.0,3.0,22.0,31.0,27.0,189.0,35.0,57.0,142.0,95.0,31.0,97.0,36.0,22.0,12.0,36.0,36.0,"['wuhan' 'china' 'like' 'outbreak' 'people' 'case' 'know' 'don' 'student'
 'time']",[67 64 53 38 33 32 28 24 20 20]
USA,TX,Texas,2020,02,0.01358470320748081,1832,447.0,764.0,621.0,8,1,233.0,409.0,114.0,46.0,25.0,89.0,155.0,64.0,575.0,122.0,192.0,578.0,121.0,57.0,302.0,80.0,145.0,95.0,154.0,108.0,['wuhan' 'people' 'china' 'like' 'trump' 'don' 'know' 'got' 'case' 'world'],[184 181 155 124  98  81  79  73  71  64]
USA,TX,Texas,2020,03,0.04586301352141449,14628,3204.0,6227.0,5197.0,8,4,2244.0,1996.0,753.0,934.0,268.0,605.0,1149.0,709.0,4109.0,1861.0,2704.0,2011.0,1584.0,629.0,3655.0,665.0,807.0,531.0,1039.0,1003.0,['people' 'like' 'time' 'need' 'home' 'trump' 'stay' 'know' 'case' 'don'],[1053  783  639  631  597  541  524  513  498  486]
USA,TX,Texas,2020,04,0.05963723137671401,14763,3203.0,5625.0,5935.0,8,4,2559.0,1146.0,783.0,944.0,331.0,866.0,1197.0,841.0,3793.0,2303.0,3484.0,915.0,1491.0,629.0,3887.0,832.0,874.0,758.0,1028.0,865.0,['people' 'like' 'trump' 'time' 'texas' 'need' 'day' 'death' 'know' 'home'],[1173  811  714  678  676  628  625  567  566  564]
USA,TX,Texas,2020,05,0.059794321589511944,4713,1036.0,1817.0,1860.0,8,4,834.0,401.0,266.0,310.0,121.0,232.0,421.0,266.0,1123.0,739.0,1195.0,266.0,410.0,177.0,1271.0,303.0,250.0,205.0,324.0,312.0,"['people' 'texas' 'like' 'day' 'time' 'case' 'death' 'trump' 'new'
 'pandemic']",[348 298 277 240 209 201 201 201 188 186]
USA,Tx,Tx,2020,04,0.0,1,0.0,1.0,0.0,0,0,1.0,0.0,0.0,0.0,0.0,0.0,0.0,0.0,0.0,0.0,1.0,0.0,0.0,0.0,0.0,0.0,0.0,0.0,0.0,0.0,"['life' 'quarantine' 'abc' 'able' 'absolutely' 'access' 'according'
 'account' 'act' 'action']",[1 1 0 0 0 0 0 0 0 0]
USA,UT,Utah,2020,01,0.012380952380952378,41,12.0,18.0,11.0,8,4,7.0,8.0,2.0,0.0,1.0,0.0,4.0,1.0,16.0,2.0,2.0,9.0,5.0,2.0,11.0,1.0,3.0,1.0,2.0,5.0,"['wuhan' 'impact' 'like' 'china' 'people' 'day' 'im' 'infected' 'kill'
 'level']",[8 6 6 5 5 4 4 4 4 4]
USA,UT,Utah,2020,02,0.07871933261543652,143,25.0,58.0,60.0,8,1,21.0,25.0,8.0,10.0,1.0,0.0,10.0,14.0,45.0,9.0,14.0,37.0,18.0,4.0,32.0,7.0,3.0,8.0,4.0,16.0,['wuhan' 'don' 'going' 'know' 'like' 'thing' 'cdc' 'china' 'good' 'mask'],[13 10 10  9  9  9  8  8  8  8]
USA,UT,Utah,2020,03,0.07186478596259441,1100,245.0,409.0,446.0,8,4,153.0,113.0,51.0,70.0,22.0,43.0,90.0,65.0,321.0,172.0,197.0,109.0,118.0,52.0,296.0,60.0,82.0,41.0,76.0,69.0,['people' 'like' 'home' 'time' 'week' 'don' 'know' 'thing' 'going' 'got'],[121  74  54  48  48  45  44  44  43  38]
USA,UT,Utah,2020,04,0.05920980470361444,1151,269.0,403.0,479.0,8,4,182.0,67.0,71.0,62.0,18.0,74.0,115.0,60.0,312.0,190.0,246.0,40.0,121.0,61.0,284.0,76.0,75.0,85.0,89.0,74.0,"['people' 'trump' 'like' 'pandemic' 'know' 'home' 'need' 'today' 'work'
 'time']",[89 84 72 63 57 54 54 52 51 49]
USA,UT,Utah,2020,05,0.05369839256725417,352,77.0,127.0,148.0,8,4,52.0,13.0,19.0,19.0,3.0,25.0,48.0,20.0,90.0,63.0,80.0,10.0,29.0,20.0,102.0,21.0,20.0,24.0,23.0,23.0,['case' 'trump' 'know' 'people' 'time' 'day' 'death' 'like' 'need' 'test'],[26 26 24 24 23 20 20 20 20 19]
USA,VA,Virginia,2020,01,0.04095004095004095,111,21.0,41.0,49.0,8,1,19.0,16.0,4.0,5.0,1.0,4.0,12.0,8.0,39.0,3.0,6.0,26.0,14.0,5.0,24.0,8.0,4.0,3.0,8.0,13.0,"['people' 'wuhan' 'beer' 'flu' 'china' 'don' 'know' 'like' 'outbreak'
 'new']",[13 13  9  8  7  7  7  7  7  6]
USA,VA,Virginia,2020,02,0.019225016881266883,312,67.0,152.0,93.0,8,1,42.0,64.0,31.0,14.0,3.0,9.0,27.0,9.0,79.0,34.0,34.0,84.0,29.0,13.0,56.0,15.0,30.0,9.0,17.0,25.0,"['wuhan' 'people' 'china' 'like' 'flu' 'don' 'case' 'health' 'going'
 'know']",[42 35 25 23 16 15 13 13 12 11]
USA,VA,Virginia,2020,03,0.0649694020152363,3155,691.0,1271.0,1193.0,8,4,517.0,322.0,190.0,214.0,61.0,112.0,300.0,169.0,850.0,420.0,584.0,352.0,382.0,139.0,756.0,148.0,195.0,155.0,235.0,209.0,['people' 'like' 'need' 'trump' 'time' 'don' 'day' 'case' 'know' 'home'],[264 191 147 146 141 122 112 110 106  99]
USA,VA,Virginia,2020,04,0.06320479347410962,3580,773.0,1372.0,1435.0,8,4,523.0,235.0,244.0,254.0,69.0,238.0,367.0,171.0,877.0,602.0,861.0,148.0,415.0,136.0,922.0,211.0,227.0,186.0,270.0,204.0,"['people' 'like' 'trump' 'time' 'need' 'pandemic' 'day' 'know' 'good'
 'death']",[304 204 199 193 177 146 135 125 120 119]
USA,VA,Virginia,2020,05,0.07426986693115725,1209,236.0,477.0,496.0,8,4,214.0,77.0,68.0,85.0,22.0,70.0,118.0,81.0,276.0,198.0,331.0,44.0,107.0,54.0,332.0,76.0,73.0,48.0,73.0,71.0,"['people' 'death' 'time' 'pandemic' 'day' 'like' 'home' 'trump' 'know'
 'need']",[97 66 58 57 56 56 52 51 48 47]
USA,VT,Vermont,2020,01,-0.22187499999999996,1,1.0,0.0,0.0,8,1,0.0,0.0,0.0,0.0,0.0,0.0,0.0,0.0,1.0,0.0,0.0,1.0,0.0,0.0,0.0,0.0,0.0,0.0,0.0,0.0,"['bad' 'beer' 'cancel' 'drinking' 'matter' 'totally' 'won' 'abc' 'able'
 'absolutely']",[1 1 1 1 1 1 1 0 0 0]
USA,VT,Vermont,2020,02,0.03408940596440597,24,5.0,10.0,9.0,8,1,2.0,2.0,2.0,0.0,0.0,0.0,0.0,0.0,14.0,4.0,2.0,7.0,0.0,2.0,6.0,0.0,3.0,4.0,0.0,0.0,"['say' 'telling' 'water' 'flu' 'hoax' 'said' 'trump' 'case' 'chinese'
 'democrats']",[6 6 6 4 4 4 4 3 3 3]
USA,VT,Vermont,2020,03,0.07829062461969089,166,46.0,40.0,80.0,8,0,35.0,5.0,10.0,12.0,4.0,8.0,14.0,12.0,36.0,30.0,44.0,14.0,16.0,4.0,33.0,5.0,13.0,25.0,7.0,5.0,"['trump' 'pandemic' 'quarantine' 'people' 'time' 'president' 'spread'
 'need' 'government' 'health']",[36 24 19 14 14 13 12 11 10 10]
USA,VT,Vermont,2020,04,0.07740239612557209,233,41.0,113.0,79.0,8,0,33.0,12.0,9.0,30.0,3.0,19.0,30.0,17.0,52.0,28.0,79.0,13.0,28.0,13.0,45.0,4.0,15.0,12.0,11.0,13.0,"['quarantine' 'pandemic' 'people' 'need' 'today' 'trump' 'easter' 'time'
 'day' 've']",[41 17 17 15 14 14 12 12 11 11]
USA,VT,Vermont,2020,05,0.03349116161616161,80,16.0,42.0,22.0,0,0,19.0,6.0,6.0,4.0,1.0,5.0,15.0,0.0,18.0,6.0,33.0,1.0,4.0,10.0,10.0,2.0,3.0,6.0,2.0,9.0,"['today' 'trump' 'going' 'think' 'birthday' 'good' 'quarantine' 'vaccine'
 'wow' 'day']",[12  6  5  5  4  4  4  4  4  3]
USA,WA,Washington,2020,01,0.0124254037438969,146,41.0,51.0,54.0,8,1,20.0,22.0,4.0,2.0,0.0,3.0,11.0,9.0,63.0,12.0,10.0,40.0,10.0,4.0,22.0,11.0,17.0,3.0,18.0,11.0,"['wuhan' 'people' 'outbreak' 'flu' 'like' 'day' 'know' 'think' 'bad'
 'china']",[36 22 15 13 13 10 10  9  8  8]
USA,WA,Washington,2020,02,0.04218832444211232,495,125.0,162.0,208.0,8,1,79.0,57.0,46.0,13.0,7.0,9.0,47.0,12.0,171.0,54.0,59.0,120.0,30.0,14.0,107.0,22.0,37.0,36.0,36.0,34.0,"['wuhan' 'people' 'china' 'beer' 'trump' 'know' 'death' 'case' 'good'
 'health']",[52 47 41 33 32 31 28 27 26 24]
USA,WA,Washington,2020,03,0.07337456970871202,4378,935.0,1593.0,1850.0,8,4,718.0,351.0,217.0,260.0,57.0,212.0,430.0,198.0,1233.0,702.0,867.0,384.0,393.0,205.0,1136.0,246.0,309.0,178.0,310.0,350.0,"['people' 'seattle' 'like' 'time' 'home' 'need' 'work' 'know' 'help'
 'trump']",[439 281 236 226 211 190 189 185 171 161]
USA,WA,Washington,2020,04,0.05861191677746305,3788,862.0,1321.0,1605.0,8,4,616.0,196.0,267.0,229.0,73.0,230.0,330.0,206.0,998.0,643.0,909.0,146.0,305.0,161.0,995.0,255.0,256.0,224.0,287.0,250.0,"['people' 'like' 'death' 'trump' 'time' 'need' 'pandemic' 'day' 'home'
 'good']",[356 266 226 200 191 176 172 147 136 132]
USA,WA,Washington,2020,05,0.05614769097604856,1286,321.0,435.0,530.0,8,4,224.0,66.0,72.0,82.0,26.0,67.0,111.0,57.0,360.0,221.0,313.0,44.0,87.0,55.0,365.0,65.0,105.0,59.0,94.0,99.0,"['people' 'like' 'death' 'trump' 'know' 'good' 'seattle' 'time' 'need'
 'going']",[141  83  81  63  61  56  56  55  54  51]
USA,WI,Wisconsin,2020,01,0.006971108601543384,46,16.0,20.0,10.0,8,1,5.0,9.0,0.0,3.0,0.0,0.0,6.0,2.0,19.0,2.0,1.0,16.0,9.0,1.0,11.0,0.0,4.0,0.0,2.0,2.0,"['wuhan' 'china' 'flu' 'beer' 'home' 'saying' 'going' 'kill' 'people'
 'really']",[17  9  7  6  6  6  5  5  5  5]
USA,WI,Wisconsin,2020,02,0.0617337185312392,121,22.0,62.0,37.0,8,1,14.0,28.0,5.0,4.0,1.0,6.0,6.0,4.0,43.0,10.0,16.0,36.0,7.0,5.0,23.0,5.0,11.0,4.0,6.0,8.0,"['people' 'free' 'wuhan' 'die' 'drinking' 'government' 'outbreak'
 'tonight' 'beer' 'disease']",[11  7  7  6  6  6  6  6  5  5]
USA,WI,Wisconsin,2020,03,0.05740774547021294,1098,233.0,464.0,401.0,8,4,196.0,104.0,49.0,63.0,14.0,54.0,75.0,56.0,321.0,166.0,200.0,121.0,128.0,53.0,297.0,53.0,68.0,44.0,68.0,66.0,['people' 'home' 'like' 'day' 'know' 'need' 'time' 'test' 'don' 'case'],[99 59 51 50 48 47 47 45 39 38]
USA,WI,Wisconsin,2020,04,0.058642990530913465,1406,317.0,517.0,572.0,8,4,273.0,81.0,88.0,90.0,20.0,77.0,121.0,67.0,384.0,205.0,324.0,46.0,105.0,69.0,422.0,102.0,89.0,67.0,78.0,104.0,"['people' 'death' 'need' 'case' 'day' 'time' 'like' 'pandemic' 'trump'
 'new']",[103  76  69  64  64  61  58  57  55  54]
USA,WI,Wisconsin,2020,05,0.03566464431377359,484,117.0,176.0,191.0,8,4,109.0,30.0,22.0,17.0,13.0,19.0,36.0,34.0,114.0,90.0,114.0,14.0,39.0,24.0,119.0,36.0,44.0,20.0,35.0,39.0,['people' 'death' 'trump' 'day' 'home' 'case' 'week' 'new' 'right' 'like'],[56 33 28 26 26 22 22 21 21 20]
USA,WV,West Virginia,2020,01,0.3,12,0.0,5.0,7.0,9,4,0.0,2.0,0.0,0.0,0.0,0.0,2.0,0.0,3.0,5.0,0.0,2.0,0.0,0.0,8.0,0.0,0.0,0.0,2.0,0.0,"['china' 'friend' 'prayer' 'recovery' 'wish' 'beautiful' 'epidemic' 'omg'
 'really' 'safe']",[3 3 3 3 3 2 2 2 2 2]
USA,WV,West Virginia,2020,02,0.0014157014157014168,37,10.0,16.0,11.0,1,1,3.0,12.0,2.0,2.0,0.0,2.0,2.0,2.0,11.0,1.0,0.0,11.0,3.0,2.0,10.0,0.0,5.0,0.0,4.0,2.0,"['beer' 'guy' 'people' 'like' 'cause' 'china' 'mean' 'change' 'cover'
 'crisis']",[5 5 5 4 3 3 3 2 2 2]
USA,WV,West Virginia,2020,03,0.07434328403078402,282,66.0,94.0,122.0,8,1,32.0,41.0,11.0,18.0,4.0,8.0,17.0,16.0,92.0,43.0,50.0,65.0,25.0,21.0,57.0,11.0,15.0,5.0,24.0,9.0,['people' 'time' 'like' 've' 'day' 'good' 'say' 'help' 'pandemic' 'social'],[22 22 21 16 15 15 15 14 14 13]
USA,WV,West Virginia,2020,04,0.09024983929189537,321,64.0,120.0,137.0,8,0,56.0,12.0,15.0,32.0,9.0,31.0,21.0,19.0,80.0,46.0,77.0,10.0,42.0,13.0,70.0,25.0,15.0,15.0,26.0,28.0,['people' 'like' 'day' 'case' 'death' 'dont' 'got' 'time' 'trump' 'home'],[25 20 16 15 15 13 13 13 13 12]
USA,WV,West Virginia,2020,05,0.05494922806785052,98,22.0,29.0,47.0,8,0,19.0,10.0,9.0,4.0,2.0,2.0,13.0,1.0,26.0,12.0,38.0,6.0,6.0,8.0,16.0,2.0,8.0,4.0,3.0,7.0,"['people' 'shot' 'know' 'live' 'realdonaldtrump' 'false' 'thing' 'folk'
 'got' 'healthcare']",[15  9  7  7  7  6  6  5  5  5]
USA,WY,Wyoming,2020,01,0.11666666666666667,4,0.0,2.0,2.0,8,1,0.0,1.0,0.0,0.0,0.0,0.0,0.0,0.0,3.0,0.0,0.0,1.0,1.0,0.0,1.0,0.0,0.0,0.0,1.0,0.0,"['big' 'control' 'day' 'don' 'good' 'gotta' 'just' 'like' 'population'
 'tell']",[1 1 1 1 1 1 1 1 1 1]
USA,WY,Wyoming,2020,02,0.01577057096943462,44,11.0,9.0,24.0,8,4,5.0,4.0,7.0,0.0,0.0,0.0,1.0,1.0,23.0,3.0,8.0,5.0,1.0,1.0,10.0,1.0,5.0,0.0,5.0,8.0,['like' 'want' 'good' 'people' 'time' 'bad' 'day' 'death' 'long' 'ok'],[12 12 11  8  8  6  6  6  6  6]
USA,WY,Wyoming,2020,03,0.04608259648153266,94,21.0,32.0,41.0,8,4,7.0,9.0,5.0,6.0,0.0,2.0,10.0,1.0,37.0,17.0,12.0,11.0,3.0,2.0,29.0,6.0,7.0,0.0,9.0,15.0,['people' 'want' 'death' 'today' 'im' 'new' 'gonna' 'need' 'sick' 've'],[11  9  8  8  7  7  6  6  6  6]
USA,WY,Wyoming,2020,04,0.04861752554230431,113,29.0,41.0,43.0,8,0,22.0,6.0,7.0,9.0,3.0,0.0,11.0,8.0,35.0,12.0,24.0,10.0,7.0,6.0,24.0,1.0,11.0,14.0,9.0,7.0,"['realdonaldtrump' 'people' 'want' 'case' 'trump' 'good' 'hope' 'failure'
 'going' 'like']",[14 13 12 10 10  8  8  7  7  7]
USA,WY,Wyoming,2020,05,-0.042540322580645155,31,14.0,8.0,9.0,8,0,4.0,5.0,5.0,1.0,0.0,2.0,3.0,0.0,10.0,1.0,8.0,2.0,2.0,2.0,3.0,2.0,2.0,6.0,4.0,0.0,"['food' 'trump' 'realdonaldtrump' 'time' 'came' 'cure' 'die' 'economy'
 'lab' 'people']",[6 6 5 5 4 4 4 4 4 4]
USA,AK,Alaska,2020,00,0.07946937442015901,701,156.0,245.0,300.0,0,6,118.0,52.0,44.0,50.0,6.0,35.0,53.0,39.0,212.0,92.0,179.0,39.0,43.0,32.0,180.0,40.0,48.0,40.0,47.0,53.0,['people' 'day' 'like' 'trump' 'know' 'case' 'need' 'time' 'work' 'death'],[67 47 45 38 37 35 32 32 30 28]
USA,AL,Alabama,2020,00,0.07302867953341033,3233,636.0,1238.0,1359.0,8,1,562.0,299.0,163.0,199.0,77.0,158.0,270.0,246.0,868.0,391.0,639.0,266.0,455.0,151.0,755.0,195.0,170.0,157.0,223.0,222.0,"['people' 'pandemic' 'like' 'thank' 'time' 'trump' 'face' 'day' 'home'
 'need']",[237 227 182 164 162 142 131 129 123 123]
USA,AR,Arkansas,2020,00,0.05025334479022949,1602,353.0,608.0,641.0,8,0,254.0,111.0,113.0,102.0,20.0,76.0,132.0,81.0,482.0,231.0,342.0,144.0,154.0,72.0,383.0,95.0,91.0,96.0,108.0,117.0,"['people' 'like' 'case' 'need' 'day' 'trump' 'time' 'home' 'know'
 'pandemic']",[125  92  88  88  84  80  79  72  67  56]
USA,AZ,Arizona,2020,00,0.04903648424080607,8624,2063.0,3260.0,3301.0,8,4,1318.0,753.0,579.0,525.0,188.0,485.0,736.0,378.0,2461.0,1201.0,1732.0,761.0,820.0,361.0,2225.0,416.0,537.0,606.0,583.0,583.0,['people' 'trump' 'like' 'need' 'time' 'know' 'death' 'going' 'home' 'day'],[750 623 489 406 404 340 322 303 301 287]
USA,CA,California,2020,00,0.049101207519585174,67099,15547.0,25725.0,25827.0,8,4,9877.0,6696.0,4077.0,4494.0,1489.0,3521.0,5989.0,3709.0,17815.0,9432.0,13333.0,7022.0,7427.0,2994.0,16295.0,3609.0,4067.0,3492.0,4602.0,4258.0,"['people' 'like' 'trump' 'time' 'need' 'day' 'home' 'know' 'pandemic'
 'california']",[5578 3757 3471 3234 2736 2459 2376 2322 2276 2234]
USA,CO,Colorado,2020,00,0.05710038937507915,5785,1300.0,2130.0,2355.0,8,4,961.0,437.0,360.0,361.0,97.0,282.0,555.0,288.0,1569.0,875.0,1238.0,428.0,635.0,292.0,1423.0,318.0,353.0,345.0,376.0,377.0,"['people' 'trump' 'like' 'time' 'day' 'need' 'know' 'realdonaldtrump'
 'home' 'case']",[452 352 323 272 268 248 218 215 213 198]
USA,CT,Connecticut,2020,00,0.06933384933891473,4003,890.0,1472.0,1641.0,8,1,639.0,305.0,253.0,238.0,105.0,188.0,408.0,190.0,1039.0,638.0,883.0,320.0,362.0,196.0,1036.0,239.0,226.0,196.0,294.0,251.0,"['people' 'need' 'trump' 'like' 'know' 'time' 'right' 'home' 'pandemic'
 'day']",[310 212 203 197 177 153 147 146 136 131]
USA,DC,District of Columbia,2020,00,0.06757591245723397,6692,1356.0,2536.0,2800.0,8,4,1182.0,375.0,394.0,405.0,130.0,400.0,826.0,452.0,1462.0,1066.0,1353.0,321.0,872.0,328.0,1720.0,504.0,383.0,451.0,424.0,336.0,"['people' 'trump' 'dc' 'time' 'like' 'pandemic' 'need' 'case' 'new'
 'health']",[518 452 398 368 334 331 294 255 244 240]
USA,DE,Delaware,2020,00,0.06456477281016242,550,113.0,219.0,218.0,8,4,98.0,58.0,64.0,17.0,5.0,40.0,54.0,25.0,134.0,55.0,93.0,50.0,48.0,32.0,157.0,37.0,23.0,42.0,41.0,27.0,['time' 'people' 'like' 'trump' 'need' 'stay' 'know' 'say' 'day' 'life'],[38 34 32 26 25 24 22 22 21 19]
USA,FL,Florida,2020,00,0.04317602035369606,25003,5865.0,9832.0,9306.0,8,4,4092.0,2085.0,1779.0,1638.0,634.0,1411.0,2185.0,1409.0,6426.0,3344.0,5149.0,2075.0,3029.0,1125.0,6219.0,1370.0,1316.0,1635.0,1562.0,1523.0,"['people' 'trump' 'florida' 'like' 'time' 'need' 'day' 'realdonaldtrump'
 'know' 'pandemic']",[1796 1768 1511 1262 1054  987  949  892  866  824]
USA,GA,Georgia,2020,00,0.059702719584187304,8969,1891.0,3590.0,3488.0,8,1,1364.0,970.0,506.0,583.0,206.0,457.0,677.0,516.0,2442.0,1248.0,1858.0,947.0,1062.0,372.0,2172.0,519.0,505.0,368.0,604.0,562.0,"['people' 'georgia' 'like' 'time' 'need' 'trump' 'day' 'know' 'home'
 'pandemic']",[686 517 514 437 342 342 330 329 312 299]
USA,HI,Hawaii,2020,00,0.0479013741729412,2012,460.0,824.0,728.0,8,1,321.0,207.0,121.0,162.0,55.0,78.0,165.0,117.0,433.0,353.0,452.0,183.0,267.0,87.0,487.0,108.0,118.0,74.0,112.0,124.0,"['people' 'time' 'case' 'day' 'home' 'new' 'like' 'need' 'trump'
 'pandemic']",[155 134 130 115 102 101  98  95  90  80]
USA,IA,Iowa,2020,00,0.07467642899362847,2402,476.0,839.0,1087.0,8,4,414.0,121.0,129.0,145.0,29.0,148.0,223.0,112.0,704.0,377.0,543.0,132.0,236.0,118.0,668.0,124.0,157.0,101.0,168.0,155.0,"['people' 'case' 'death' 'new' 'like' 'day' 'need' 'pandemic' 'time'
 'going']",[211 167 150 149 132 125 112 109 104  90]
USA,ID,Idaho,2020,00,0.06183823486758349,1181,224.0,483.0,474.0,8,4,224.0,103.0,67.0,99.0,18.0,92.0,94.0,36.0,291.0,157.0,271.0,85.0,94.0,54.0,339.0,67.0,59.0,41.0,78.0,93.0,"['people' 'like' 'death' 'know' 'time' 'case' 'day' 'test' 'pandemic'
 'home']",[81 72 62 53 48 47 47 47 46 43]
USA,IL,Illinois,2020,00,0.05880915101367302,13592,3016.0,5182.0,5394.0,8,0,2041.0,1183.0,756.0,875.0,299.0,665.0,1256.0,662.0,3633.0,2222.0,3028.0,1085.0,1218.0,653.0,3618.0,777.0,811.0,659.0,920.0,823.0,"['people' 'like' 'trump' 'chicago' 'day' 'need' 'time' 'pandemic' 'home'
 'know']",[1092  730  633  616  588  584  558  483  470  461]
USA,IN,Indiana,2020,00,0.04590398720791051,5354,1187.0,2150.0,2017.0,8,1,903.0,399.0,266.0,285.0,110.0,263.0,517.0,257.0,1516.0,838.0,1136.0,412.0,549.0,250.0,1407.0,298.0,326.0,229.0,383.0,364.0,"['people' 'like' 'need' 'time' 'trump' 'know' 'pandemic' 'going' 'day'
 'home']",[443 307 238 234 214 202 199 182 178 177]
USA,KS,Kansas,2020,00,0.050603856516825446,2083,502.0,789.0,792.0,8,1,284.0,166.0,141.0,141.0,27.0,93.0,194.0,89.0,600.0,348.0,459.0,168.0,200.0,76.0,586.0,111.0,114.0,116.0,129.0,124.0,"['people' 'like' 'need' 'time' 'day' 'trump' 'pandemic' 'home' 'going'
 'realdonaldtrump']",[152 125 109  99  96  94  86  79  77  77]
USA,KY,Kentucky,2020,00,0.056259474095519596,3472,776.0,1346.0,1350.0,8,4,528.0,287.0,229.0,198.0,42.0,194.0,315.0,175.0,986.0,518.0,698.0,304.0,400.0,161.0,878.0,200.0,198.0,185.0,215.0,233.0,['people' 'trump' 'like' 'need' 'time' 'case' 'know' 'today' 'make' 'don'],[268 212 188 177 169 160 144 114 113 109]
USA,LA,Louisiana,2020,00,0.04868252962453308,4901,1055.0,2061.0,1785.0,8,4,724.0,724.0,210.0,279.0,126.0,218.0,291.0,219.0,1373.0,737.0,1048.0,719.0,451.0,204.0,1211.0,241.0,243.0,152.0,331.0,301.0,['new' 'people' 'like' 'time' 'don' 'got' 'home' 'day' 'case' 'stay'],[307 305 250 223 184 177 177 175 170 170]
USA,MA,Massachusetts,2020,00,0.07150053580561637,10537,2301.0,3806.0,4430.0,8,4,1816.0,691.0,579.0,695.0,256.0,529.0,1137.0,602.0,2460.0,1772.0,2284.0,746.0,1202.0,533.0,2769.0,688.0,593.0,472.0,690.0,560.0,"['people' 'time' 'like' 'need' 'trump' 'pandemic' 'day' 'new' 'case'
 'home']",[834 566 547 476 476 451 423 393 379 354]
USA,MD,Maryland,2020,00,0.06545524717818843,9843,2130.0,3651.0,4062.0,8,1,1638.0,827.0,557.0,735.0,220.0,489.0,1138.0,625.0,2192.0,1422.0,1945.0,739.0,1471.0,425.0,2415.0,544.0,606.0,557.0,615.0,526.0,"['people' 'trump' 'like' 'time' 'pandemic' 'need' 'say' 'new' 'death'
 'case']",[788 543 485 461 433 432 407 392 348 340]
USA,ME,Maine,2020,00,0.0691514914021164,600,115.0,244.0,241.0,8,1,137.0,29.0,27.0,43.0,8.0,31.0,52.0,34.0,157.0,82.0,130.0,42.0,88.0,44.0,136.0,24.0,35.0,16.0,52.0,33.0,['people' 'case' 'need' 'like' 'time' 'good' 'know' 'test' 'day' 'stay'],[48 45 39 36 32 27 26 25 24 24]
USA,MI,Michigan,2020,00,0.05919029954996323,8320,1824.0,3197.0,3299.0,8,4,1296.0,745.0,508.0,512.0,244.0,425.0,695.0,422.0,2176.0,1297.0,1827.0,654.0,811.0,414.0,2080.0,486.0,524.0,446.0,534.0,544.0,"['people' 'michigan' 'trump' 'like' 'time' 'know' 'need' 'day' 'going'
 'home']",[689 462 459 446 353 317 305 286 286 281]
USA,MN,Minnesota,2020,00,0.07134385986066731,4812,1034.0,1721.0,2057.0,8,4,730.0,340.0,300.0,309.0,90.0,270.0,523.0,197.0,1275.0,778.0,1161.0,258.0,363.0,235.0,1415.0,263.0,285.0,194.0,339.0,299.0,"['people' 'like' 'time' 'need' 'don' 'going' 'good' 'trump' 'death'
 'pandemic']",[374 277 275 267 171 165 165 165 164 163]
USA,MO,Missouri,2020,00,0.06251450772302884,5040,1133.0,1825.0,2082.0,8,4,768.0,388.0,299.0,295.0,72.0,248.0,509.0,249.0,1427.0,785.0,1050.0,359.0,438.0,235.0,1420.0,272.0,368.0,267.0,318.0,313.0,"['people' 'trump' 'need' 'like' 'time' 'home' 'know' 'day' 'pandemic'
 'help']",[497 274 273 267 247 185 183 179 168 161]
USA,MS,Mississippi,2020,00,0.056597415337613484,1186,258.0,456.0,472.0,0,4,177.0,147.0,38.0,98.0,25.0,56.0,92.0,56.0,344.0,153.0,258.0,143.0,129.0,40.0,292.0,54.0,85.0,31.0,86.0,68.0,['people' 'like' 'good' 'don' 'case' 'got' 'home' 'pandemic' 'day' 'know'],[99 85 64 47 45 45 45 40 38 38]
USA,MT,Montana,2020,00,0.039057533634456715,390,91.0,159.0,140.0,8,1,75.0,27.0,36.0,20.0,3.0,33.0,27.0,23.0,97.0,49.0,87.0,14.0,42.0,13.0,97.0,28.0,27.0,30.0,28.0,24.0,['people' 'trump' 'case' 'know' 'life' 'home' 'say' 'don' 'like' 'death'],[33 31 27 20 20 19 19 17 17 15]
USA,NC,North Carolina,2020,00,0.06933133667627495,8656,1788.0,3305.0,3563.0,8,4,1305.0,735.0,456.0,595.0,202.0,384.0,772.0,474.0,2288.0,1445.0,1923.0,664.0,846.0,441.0,2386.0,425.0,462.0,393.0,590.0,526.0,"['people' 'like' 'time' 'day' 'trump' 'need' 'know' 'pandemic' 'home'
 'new']",[596 474 442 392 386 371 310 309 297 276]
USA,ND,North Dakota,2020,00,0.0990107265809513,356,68.0,119.0,169.0,8,4,82.0,18.0,22.0,36.0,2.0,13.0,20.0,14.0,96.0,53.0,69.0,30.0,34.0,19.0,87.0,35.0,25.0,14.0,26.0,17.0,['case' 'people' 'county' 'day' 'death' 'north' 'time' 'home' 'new' 'like'],[35 33 32 27 23 21 21 20 20 19]
USA,NE,Nebraska,2020,00,0.0749612426307851,1779,375.0,656.0,748.0,8,4,314.0,124.0,88.0,99.0,48.0,91.0,172.0,78.0,471.0,294.0,397.0,136.0,150.0,69.0,503.0,106.0,109.0,60.0,109.0,140.0,['people' 'case' 'like' 'time' 'going' 'home' 'week' 'know' 'day' 'death'],[139 115  98  79  77  75  74  71  67  67]
USA,NH,New Hampshire,2020,00,0.05302329464990816,1234,253.0,498.0,483.0,8,1,224.0,46.0,94.0,97.0,18.0,68.0,117.0,90.0,279.0,201.0,331.0,59.0,173.0,79.0,277.0,69.0,61.0,44.0,69.0,72.0,['people' 'new' 'time' 'china' 'like' 'need' 'day' 'trump' 'help' 'home'],[89 63 63 62 58 58 47 46 41 41]
USA,NJ,New Jersey,2020,00,0.062239352711110724,10429,2301.0,3810.0,4318.0,8,1,1505.0,904.0,650.0,664.0,206.0,507.0,971.0,520.0,2817.0,1685.0,2098.0,863.0,1168.0,522.0,2799.0,569.0,574.0,534.0,644.0,658.0,"['people' 'new' 'like' 'trump' 'time' 'need' 'day' 'realdonaldtrump'
 'pandemic' 'know']",[814 590 557 525 497 488 436 417 385 376]
USA,NM,New Mexico,2020,00,0.04156325366696643,1731,390.0,708.0,633.0,8,4,251.0,123.0,119.0,102.0,26.0,112.0,156.0,84.0,474.0,284.0,373.0,115.0,136.0,85.0,492.0,94.0,113.0,102.0,124.0,97.0,"['people' 'new' 'like' 'realdonaldtrump' 'need' 'trump' 'time' 'death'
 'know' 'home']",[151 128  96  78  77  77  71  69  69  67]
USA,NV,Nevada,2020,00,0.04661131350903156,5549,1294.0,2206.0,2049.0,8,4,833.0,512.0,339.0,360.0,149.0,329.0,453.0,283.0,1595.0,696.0,962.0,505.0,717.0,249.0,1456.0,293.0,372.0,297.0,340.0,358.0,['people' 'trump' 'like' 'time' 'know' 'need' 'going' 'home' 'day' 'think'],[492 286 283 249 245 198 193 183 178 176]
USA,NY,New York,2020,00,0.05415910275931113,37354,8657.0,13655.0,15042.0,8,4,5945.0,3009.0,2083.0,2421.0,763.0,1792.0,3477.0,2939.0,9174.0,5751.0,7766.0,3297.0,4712.0,1626.0,9177.0,2121.0,2171.0,1859.0,2465.0,2160.0,['new' 'people' 'like' 'trump' 'york' 'nyc' 'time' 'need' 'pandemic' 'day'],[3012 2977 1936 1821 1798 1784 1683 1633 1488 1471]
USA,OH,Ohio,2020,00,0.06362598071528985,11956,2510.0,4690.0,4756.0,0,4,1770.0,1063.0,650.0,725.0,234.0,630.0,1107.0,635.0,3229.0,1913.0,2483.0,1064.0,1243.0,541.0,3107.0,610.0,782.0,551.0,807.0,768.0,"['people' 'ohio' 'like' 'time' 'pandemic' 'need' 'trump' 'day' 'know'
 'going']",[1015  647  594  529  502  498  493  456  442  395]
USA,OK,Oklahoma,2020,00,0.05176151133810957,2905,654.0,1073.0,1178.0,0,4,508.0,264.0,172.0,202.0,53.0,130.0,197.0,127.0,837.0,415.0,664.0,259.0,281.0,152.0,670.0,155.0,238.0,90.0,219.0,177.0,"['people' 'case' 'death' 'like' 'time' 'need' 'day' 'know' 'new'
 'pandemic']",[309 191 155 143 142 139 131 129 116 107]
USA,OR,Oregon,2020,00,0.05691483686729784,4835,1068.0,1825.0,1942.0,8,4,727.0,335.0,324.0,317.0,91.0,247.0,492.0,266.0,1321.0,715.0,980.0,327.0,496.0,261.0,1257.0,274.0,319.0,311.0,338.0,272.0,"['people' 'trump' 'like' 'time' 'need' 'know' 'day' 'home' 'pandemic'
 'good']",[458 306 277 236 206 187 185 180 170 157]
USA,PA,Pennsylvania,2020,00,0.054910432299398515,11765,2672.0,4417.0,4676.0,8,4,1806.0,1006.0,695.0,724.0,240.0,679.0,1107.0,637.0,3069.0,1802.0,2453.0,933.0,1328.0,500.0,3096.0,660.0,651.0,594.0,773.0,777.0,"['people' 'trump' 'like' 'time' 'need' 'pandemic' 'know' 'day' 'new'
 'home']",[871 655 639 531 515 476 441 434 408 402]
USA,RI,Rhode Island,2020,00,0.03908793054725057,1478,383.0,515.0,580.0,8,4,234.0,122.0,81.0,98.0,35.0,74.0,142.0,73.0,374.0,245.0,289.0,122.0,124.0,71.0,437.0,83.0,106.0,86.0,81.0,79.0,['people' 'trump' 'home' 'like' 'day' 'time' 'case' 'know' 'new' 'really'],[146  93  84  84  83  70  69  66  62  58]
USA,SC,South Carolina,2020,00,0.05223496484063444,2909,643.0,1138.0,1128.0,1,1,442.0,245.0,211.0,165.0,67.0,156.0,231.0,162.0,827.0,403.0,608.0,230.0,340.0,136.0,754.0,178.0,149.0,131.0,190.0,193.0,['people' 'like' 'know' 'time' 'need' 'day' 'trump' 'going' 'home' 'news'],[206 184 130 129 117 116 112 103  98  97]
USA,SD,South Dakota,2020,00,0.06105414479508682,414,110.0,126.0,178.0,8,4,65.0,36.0,11.0,23.0,3.0,29.0,46.0,20.0,115.0,66.0,86.0,31.0,38.0,31.0,98.0,15.0,34.0,14.0,34.0,33.0,['people' 'south' 'like' 'good' 'home' 'new' 'know' 'stay' 'case' 'going'],[41 30 29 22 22 20 19 19 18 17]
USA,TN,Tennessee,2020,00,0.06348313175346737,7050,1493.0,2740.0,2817.0,8,4,1145.0,605.0,377.0,586.0,134.0,327.0,563.0,315.0,1884.0,1114.0,1460.0,564.0,722.0,329.0,1976.0,362.0,410.0,273.0,499.0,455.0,['people' 'time' 'like' 'case' 'home' 'day' 'know' 'need' 'don' 'trump'],[535 360 353 280 275 270 261 256 241 232]
USA,TX,Texas,2020,00,0.05112663329243417,36500,8003.0,14732.0,13765.0,8,4,5952.0,4079.0,1943.0,2255.0,748.0,1814.0,2953.0,1907.0,9789.0,5060.0,7632.0,3912.0,3701.0,1523.0,9212.0,1916.0,2098.0,1601.0,2581.0,2324.0,['people' 'like' 'time' 'trump' 'need' 'texas' 'day' 'home' 'know' 'case'],[2788 2048 1588 1556 1488 1423 1401 1365 1365 1357]
USA,Tx,Tx,2020,00,0.0,1,0.0,1.0,0.0,8,4,1.0,0.0,0.0,0.0,0.0,0.0,0.0,0.0,0.0,0.0,1.0,0.0,0.0,0.0,0.0,0.0,0.0,0.0,0.0,0.0,"['life' 'quarantine' 'abc' 'able' 'absolutely' 'access' 'according'
 'account' 'act' 'action']",[1 1 0 0 0 0 0 0 0 0]
USA,UT,Utah,2020,00,0.06382061986652816,2787,628.0,1015.0,1144.0,8,1,415.0,226.0,151.0,161.0,45.0,142.0,267.0,160.0,784.0,436.0,539.0,205.0,291.0,139.0,725.0,165.0,183.0,159.0,194.0,187.0,"['people' 'like' 'trump' 'know' 'time' 'home' 'don' 'need' 'day'
 'pandemic']",[247 181 151 134 128 122 117 116 112 110]
USA,VA,Virginia,2020,00,0.06353382967940265,8367,1788.0,3313.0,3266.0,8,1,1315.0,714.0,537.0,572.0,156.0,433.0,824.0,438.0,2121.0,1257.0,1816.0,654.0,947.0,347.0,2090.0,458.0,529.0,401.0,603.0,522.0,"['people' 'like' 'trump' 'time' 'need' 'day' 'know' 'pandemic' 'don'
 'good']",[713 481 407 405 382 312 297 292 288 251]
USA,VT,Vermont,2020,00,0.068068582651916,504,109.0,205.0,190.0,8,4,89.0,25.0,27.0,46.0,8.0,32.0,59.0,29.0,121.0,68.0,158.0,36.0,48.0,29.0,94.0,11.0,34.0,47.0,20.0,27.0,"['quarantine' 'trump' 'pandemic' 'people' 'today' 'need' 'time' 'day'
 'say' 'going']",[65 60 41 37 32 28 28 22 19 16]
USA,WA,Washington,2020,00,0.06322788735543686,10093,2284.0,3562.0,4247.0,8,4,1657.0,692.0,606.0,586.0,163.0,521.0,929.0,482.0,2825.0,1632.0,2158.0,734.0,825.0,439.0,2625.0,599.0,724.0,500.0,745.0,744.0,"['people' 'like' 'time' 'seattle' 'death' 'trump' 'need' 'home' 'know'
 'work']",[1005  619  496  469  462  459  440  407  407  381]
USA,WI,Wisconsin,2020,00,0.05405321331175135,3155,705.0,1239.0,1211.0,8,4,597.0,252.0,164.0,177.0,48.0,156.0,244.0,163.0,881.0,473.0,655.0,233.0,288.0,152.0,872.0,196.0,216.0,135.0,189.0,219.0,['people' 'day' 'home' 'death' 'need' 'like' 'time' 'case' 'know' 'trump'],[274 144 142 134 134 132 128 126 124 121]
USA,WV,West Virginia,2020,00,0.07862987974987976,750,162.0,264.0,324.0,8,1,110.0,77.0,37.0,56.0,15.0,43.0,55.0,38.0,212.0,107.0,165.0,94.0,76.0,44.0,161.0,38.0,43.0,24.0,59.0,46.0,['people' 'like' 'time' 'day' 'pandemic' 'case' 'got' 'home' 'today' 've'],[67 49 43 35 31 29 29 28 26 26]
USA,WY,Wyoming,2020,00,0.033801979877154706,286,75.0,92.0,119.0,8,1,38.0,25.0,24.0,16.0,3.0,4.0,25.0,10.0,108.0,33.0,52.0,29.0,14.0,11.0,67.0,10.0,25.0,20.0,28.0,30.0,"['people' 'want' 'like' 'good' 'time' 'realdonaldtrump' 'death' 'trump'
 'day' 'sick']",[36 33 28 24 22 20 19 16 15 14]
USA,USA,USA,2020,01,0.021544950840046453,5857,1338.0,2616.0,1903.0,0,6,910.0,1184.0,343.0,201.0,99.0,172.0,399.0,320.0,1791.0,438.0,456.0,1463.0,790.0,243.0,1222.0,354.0,404.0,129.0,432.0,364.0,"['wuhan' 'china' 'people' 'like' 'outbreak' 'case' 'know' 'shit' 'day'
 'flu']",[963 792 524 416 283 240 231 224 217 208]
USA,USA,USA,2020,02,0.03165436013653504,17705,4173.0,7212.0,6320.0,8,1,2432.0,3206.0,1389.0,700.0,320.0,709.0,1500.0,731.0,5465.0,1253.0,2042.0,5207.0,1240.0,639.0,3068.0,908.0,1252.0,1006.0,1171.0,1172.0,['people' 'wuhan' 'china' 'like' 'trump' 'know' 'beer' 'flu' 'case' 'don'],[1692 1606 1266 1020  996  692  691  649  635  606]
USA,USA,USA,2020,03,0.05295958229461303,140635,31123.0,55732.0,53780.0,8,0,20953.0,15699.0,7641.0,9140.0,2544.0,6259.0,12419.0,7101.0,39669.0,19210.0,25543.0,17028.0,16811.0,6574.0,34733.0,7222.0,8324.0,5777.0,9207.0,9416.0,['people' 'like' 'time' 'need' 'trump' 'home' 'day' 'know' 'case' 'don'],[11376  7764  6530  6128  5494  5354  5169  5028  4680  4642]
USA,USA,USA,2020,04,0.059897800726089585,163976,36753.0,60762.0,66461.0,8,4,26571.0,10399.0,10078.0,10996.0,3787.0,9650.0,15366.0,9824.0,40406.0,26899.0,38036.0,7504.0,17606.0,7536.0,44047.0,9447.0,9576.0,9648.0,11058.0,9518.0,"['people' 'trump' 'like' 'time' 'need' 'pandemic' 'new' 'day' 'death'
 'know']",[12795  9600  8587  8111  7245  6787  6742  6212  6122  5937]
USA,USA,USA,2020,05,0.062454573184424926,52656,11778.0,19170.0,21708.0,8,4,9005.0,3274.0,3005.0,3549.0,1288.0,2808.0,4808.0,3176.0,12934.0,8809.0,13217.0,2310.0,5117.0,2300.0,13731.0,3138.0,3140.0,2678.0,3721.0,3304.0,"['people' 'like' 'trump' 'day' 'new' 'death' 'time' 'need' 'pandemic'
 'know']",[4274 2878 2798 2495 2460 2364 2350 2141 2140 1919]
USA,USA,USA,2020,00,0.05578621863553131,380829,85165.0,145492.0,150172.0,0,6,59871.0,33762.0,22456.0,24586.0,8038.0,19598.0,34492.0,21152.0,100265.0,56609.0,79294.0,33512.0,41564.0,17292.0,96801.0,21069.0,22696.0,19238.0,25589.0,23774.0,"['people' 'like' 'trump' 'time' 'need' 'day' 'new' 'know' 'pandemic'
 'home']",[30661 20665 18965 17735 16163 14567 13922 13807 13459 13351]
