,Unnamed: 0,id,text,lang,created_at,state,city,longitude,latitude,cleaned_texts
0,0,1249166152217083904,"@brennikaye @ABC Oh hell no.   If he had Covid, every damn one of those idiot cops would now be infected.",en,2020-04-12 02:43:13+00:00,MO,Joplin,-94.579066,37.019415,brennikaye ABC Oh hell If Covid every damn one idiot cop would infected
1,1,1225624905221193728,"I would probably be quarantined ... and I just have a really, really bad cold. 

ğŸ™ğŸ™ğŸ™
https://t.co/FmAJv7xAP3",en,2020-02-07 03:38:43+00:00,CA,San Jose,-122.035311,37.193164,I would probably quarantined I really really bad cold 
2,2,1249784601993715718,Good thread from someone on the front lines. https://t.co/GwFRAMssK2,en,2020-04-13 19:40:43+00:00,OK,Oklahoma City,-97.768683,35.290722,Good thread someone front line
3,3,1239389653028843522,Pretty sure I had it January 1 https://t.co/SBqkewASC8,en,2020-03-16 03:14:54+00:00,OR,Portland,-122.7900653,45.421863,Pretty sure I January
4,4,1248087289919610882,"President @realDonaldTrump, 
Why are these Politicians DESTROYING our Vape Industry &amp; Infringing on Millions of Adult Americans Rights?
Politics, Greed, &amp; 2020 Election!
#LetAmericaVapeAgain 
#WeVapeWeVote #WeDecide2020 #VapingSavesLives #OurRightsMatter #HelpUsPresidentTrump https://t.co/yKDQez79Yo",en,2020-04-09 03:16:12+00:00,FL,Pensacola,-87.259577,30.399257,President realDonaldTrump Why Politicians DESTROYING Vape Industry amp Infringing Millions Adult Americans Rights Politics Greed amp Election LetAmericaVapeAgain WeVapeWeVote WeDecide VapingSavesLives OurRightsMatter HelpUsPresidentTrump
5,5,1254911409860706304,Ojala no sea covid19... sino toda esa gente ira a cuarentena... pero siendo la contancia una de las empresas mas grandes del.pais.. y no tomo las medidas sanitarias con sus empleados...  imaginan al abrir la economia... https://t.co/flaPDmDtJ0,es,2020-04-27 23:12:49+00:00,CA,San Francisco,-122.514926,37.708075,Ojala sea covid sino toda esa gente ira cuarentena pero siendo la contancia una de la empresas ma grandes delpais tomo la medidas sanitarias con sus empleados imaginan al abrir la economia
6,6,1258105946313756673,All because of them! https://t.co/K0cKNrprrm https://t.co/IqKJgL0N06,en,2020-05-06 18:46:46+00:00,TX,Vidor,-94.0391282,30.079067,All
7,7,1252462939497533440,Yes https://t.co/j1QCvXkFbg,und,2020-04-21 05:03:29+00:00,KY,Taylor Mill,-84.524565,38.985365,Yes
8,8,1240716672362831878,@GovHowardDean Or we can send everyone back to work like we did for every other pandemic.,en,2020-03-19 19:08:00+00:00,USA,Florida,-87.634643,24.396308,GovHowardDean Or send everyone back work like every pandemic
9,9,1238855596650135553,He said Obama did this ğŸ¥´ https://t.co/9AILYHx8va,en,2020-03-14 15:52:45+00:00,SC,Pawleys Island,-79.1872336,33.393435,He said Obama 
10,10,1259108880837160961,This lady goin look at me and ask â€œthis hospital ainâ€™t got corona do itâ€.... the ignorance of some of these ppl. Like girl just stay at home.,en,2020-05-09 13:12:04+00:00,GA,Atlanta,-84.576827,33.6475029,This lady goin look ask â€œthis hospital ainâ€™t got corona itâ€ ignorance ppl Like girl stay home
11,11,1244686916412477451,@pasladeuxieme @uber453 Wouldnâ€™t this new stay at HOME order w/ penalties of a big fine prohibit going out and about?,en,2020-03-30 18:04:20+00:00,DC,Washington,-77.119401,38.801826,pasladeuxieme uber Wouldnâ€™t new stay HOME order w penalty big fine prohibit going
12,12,1242623562449469440,"Q1 2020 in #seattle:

-Midnight Space Needle ğŸ‡ cancelled
-FOOT of rain in January
-3rd &amp; Pine shooting
-COVID-19 unfolds
-Stay-at-home order
-W Seattle Br is falling down?

Fair to say it hasnâ€™t been our year so far.",en,2020-03-25 01:25:18+00:00,WA,Seattle,-122.436232,47.4953154,Q seattle Midnight Space Needle  cancelled FOOT rain January rd amp Pine shooting COVID unfolds Stayathome order W Seattle Br falling Fair say hasnâ€™t year far
13,13,1247360378130104321,"One of #Htownâ€™s many heroâ€™s during this #COVID19 epidemic is #txlege Rep. @GeneforTexas. He has truly worked hard for not only his community, but for our city and that should be commended. https://t.co/iqd5L6ObKk",en,2020-04-07 03:07:43+00:00,TX,Houston,-95.823268,29.522325,One Htownâ€™s many heroâ€™s COVID epidemic txlege Rep GeneforTexas He truly worked hard community city commended
14,14,1246633493804744704,"Nurses on the frontline. Tennessee Posted withregram â€¢ @ajplus ""What has killed other folks is killing me.""â£â£
â£â£
This nurse is asking people to take COVID-19 seriously as she struggles to breathe and fights backâ€¦ https://t.co/KNnRXm7och",en,2020-04-05 02:59:20+00:00,USA,Illinois,-91.51308,36.970298,Nurses frontline Tennessee Posted withregram â€¢ ajplus What killed folk killing meâ£â£ â£â£ This nurse asking people take COVID seriously struggle breathe fight backâ€¦
15,15,1238431879424020480,"Hey @JJReganNBCS, we might have a strong addition to the squad for you ğŸ˜ #ALLCAPS https://t.co/ZMfvuzHT2N",en,2020-03-13 11:49:03+00:00,VA,Arlington,-77.172219,38.827378,Hey JJReganNBCS might strong addition squad  ALLCAPS
16,16,1250137599974522888,"@ThisWeekABC May is way too early, and if business is forced to resume, we'd be seeing more waves of COVID19 to come later.",en,2020-04-14 19:03:24+00:00,CA,Rossmoor,-118.090063,33.774852,ThisWeekABC May way early business forced resume wed seeing wave COVID come later
17,17,1258556872405237768,"ğŸ‘ğŸ‘ğŸ‘ Liquor stores, marijuana dispensaries and gun stores all open for business. What could go wrong? https://t.co/WBvevO7Fco",en,2020-05-08 00:38:35+00:00,RI,Westerly,-71.847512,41.321258, Liquor store marijuana dispensary gun store open business What could go wrong
18,18,1254241889349402626,Well its true https://t.co/AJaSLrQTHP,en,2020-04-26 02:52:23+00:00,USA,Louisiana,-94.043628,28.855128,Well true
19,19,1255828737641402368,Fuck her! @RutgersU NEEDS to fire her immediately! #CCPVirus #WuhanVirus #ChinaVirus #MAGA #AmericaFirst @r_arms https://t.co/dJfMgEPNjX,en,2020-04-30 11:57:57+00:00,FL,Lehigh Acres,-81.7591794,26.513337,Fuck RutgersU NEEDS fire immediately CCPVirus WuhanVirus ChinaVirus MAGA AmericaFirst rarms
20,20,1237930786281721858,Rudy Gobert just lost his chance to one up MJ with the signature â€œCorona-gameâ€...,en,2020-03-12 02:37:53+00:00,OH,Marysville,-83.401316,40.199677,Rudy Gobert lost chance one MJ signature â€œCoronagameâ€
21,21,1241339304078647296,Good thread https://t.co/l1uur4W9AD,en,2020-03-21 12:22:07+00:00,NC,Bethania,-80.345711,36.170747,Good thread
22,22,1252738420469903360,"@carlaangola @MoisesNaim Excelente el programa de Carla y muy reconocido invitado. Sin embargo, Moises da una respuesta muy tajante sobre la situaciÃ³n de disponibilidad o no de test para el Coronavirus....Yo ha oido decir a la Dra Birk que todos los Estados tienen suficiente inventario .??????",es,2020-04-21 23:18:08+00:00,USA,Florida,-87.634643,24.396308,carlaangola MoisesNaim Excelente el programa de Carla muy reconocido invitado Sin embargo Moises da una respuesta muy tajante sobre la situaciÃ³n de disponibilidad de test para el CoronavirusYo ha oido decir la Dra Birk que todos los Estados tienen suficiente inventario
23,23,1250920915120132096,"coronavirus is the ultimate THOT
THAT HO IS EVERYWHERE!",en,2020-04-16 22:56:01+00:00,NY,Manhattan,-74.026675,40.683935,coronavirus ultimate THOT THAT HO IS EVERYWHERE
24,24,1242681070430171136,â€œDie For Your Governmentâ€ by @anti_flag hits a little different during a global pandemic. https://t.co/1xi56BKcFq https://t.co/6LUOv9hFWG,en,2020-03-25 05:13:49+00:00,TX,Dallas,-96.977527,32.620678,â€œDie For Your Governmentâ€ antiflag hit little different global pandemic
25,25,1238055382347628544,Rudy not black he a Frenchy https://t.co/uorLmTGA6w,en,2020-03-12 10:52:59+00:00,NC,Chapel Hill,-79.0831529,35.869376,Rudy black Frenchy
26,26,1248807891819204613,Today I received this text. â€œCode Rockyâ€ means the Rocky theme is played as a recovered covid19 patient is wheeled out of the hospital while every employee who is available claps and cheers. This is the new thing at our hospital. Happened 7 times today ğŸ˜Š. So emotional. https://t.co/gkpgpMoWyV,en,2020-04-11 02:59:37+00:00,MA,Springfield,-72.620117,42.06398,Today I received text â€œCode Rockyâ€ mean Rocky theme played recovered covid patient wheeled hospital every employee available clap cheer This new thing hospital Happened time today  So emotional
27,27,1242991193035849730,Spread the video. Trump is trying to get it stopped https://t.co/Fc20NfVWm5,en,2020-03-26 01:46:08+00:00,USA,Minnesota,-97.239256,43.499362,Spread video Trump trying get stopped
28,28,1248023452428185600,"Spread of #COVID19 
 https://t.co/F0lbLJvKqk",en,2020-04-08 23:02:32+00:00,MO,Kansas City,-94.733122,38.868002,Spread COVID
29,29,1250972798161432582,And heâ€™s deemed an Essential worker.. https://t.co/b0XLIShUkU,en,2020-04-17 02:22:11+00:00,NY,Manhattan,-74.026675,40.683935,And heâ€™s deemed Essential worker
30,30,1245230322322558981,We demand the @USEmbassyPeru takes immediate steps to ensure the wellbeing and safe return of U.S. travelers currently affected by the mandated quarantine and closing of Peruvian borders @StateDept #StuckInPeru #coronavirus,en,2020-04-01 06:03:38+00:00,CA,Altadena,-118.1772963,34.167539,We demand USEmbassyPeru take immediate step ensure wellbeing safe return US traveler currently affected mandated quarantine closing Peruvian border StateDept StuckInPeru coronavirus
31,31,1247681682867699712,So would I if I could vote against Trump. https://t.co/g6tAVDJKPT,en,2020-04-08 00:24:28+00:00,DE,New Castle,-75.606348,39.652483,So would I I could vote Trump
32,32,1250351879042691073,Goodness... https://t.co/TEoc7DUwpz,en,2020-04-15 09:14:53+00:00,NJ,New Brunswick,-74.489529,40.467252,Goodness
33,33,1238714244507418624,Exactly!! A lot of my friends have said this https://t.co/tmy16cgpYj,en,2020-03-14 06:31:04+00:00,CA,Pacifica,-122.515276,37.565624,Exactly A lot friend said
34,34,1255690921905192966,Bravo ğŸ‘ğŸ» esto es lo quÃ© hay que HACER https://t.co/REkB7bIVMY,es,2020-04-30 02:50:20+00:00,FL,Marathon,-81.124761,24.688245,Bravo  esto e lo quÃ© hay que HACER
35,35,1237430696538451969,"I'm not afraid of the Wuhan Virus, but I am afraid of the yellow journalists in the MSM who are actively trying to hurt this nation by spreading fear. #Journalovirus",en,2020-03-10 17:30:43+00:00,USA,Florida,-87.634643,24.396308,Im afraid Wuhan Virus I afraid yellow journalist MSM actively trying hurt nation spreading fear Journalovirus
36,36,1259564633754669058,Appalachiaâ€™s Front Porch Network Is a Lifeline - Yes! Magazine https://t.co/HGwD7pc0Dk,en,2020-05-10 19:23:04+00:00,FL,Tavares,-81.783228,28.7418963,Appalachiaâ€™s Front Porch Network Is Lifeline Yes Magazine
37,37,1233730868205670400,@VP Mike Pence reveals new anti-corona virus uniforms. https://t.co/zSYEcymxP3,en,2020-02-29 12:28:55+00:00,VA,Charlottesville,-78.528507,38.009553,VP Mike Pence reveals new anticorona virus uniform
38,38,1253260871242903553,My Condolences https://t.co/3L8XOqxV4O,en,2020-04-23 09:54:10+00:00,CA,Gridley,-121.723122,39.334201,My Condolences
39,39,1251338521450872832,"ÙØ±Ø¶ Ø§Ù„Ø­Ø¬Ø± Ø§Ù„ØµØ­ÙŠ ÙˆØ§Ù„ØªØ¨Ø§Ø¹Ø¯ Ø§Ù„Ø§Ø¬ØªÙ…Ø§Ø¹ÙŠ ÙŠØ¹Ø±Ø¶Ø§Ù†Ù†Ø§ Ù„Ø®Ø·Ø± Ø§Ù„Ø¥ØµØ§Ø¨Ø© Ø¨Ø§Ù„Ø´Ø¹ÙˆØ± Ø¨Ø§Ù„ÙˆØ­Ø¯Ø© ÙˆÙ‡Ø°Ø§ Ù‚Ø¯ ÙŠÙ‚ÙˆØ¯Ù†Ø§ Ø¥Ù„Ù‰ Ø§Ù„ØªØ±ÙƒÙŠØ² Ø¹Ù„Ù‰ Ø§Ù„Ø§Ø´ÙŠØ§Ø¡ Ø¨Ø´ÙƒÙ„ Ø³Ù„Ø¨ÙŠ ÙˆØ§Ù„ØªØ¯Ù‚ÙŠÙ‚ ÙÙŠ Ù†ÙˆØ§ÙŠØ§ Ø§Ù„Ø£Ø´Ø®Ø§Øµ Ø¨Ù‚Ù„Ù‚. ÙŠÙ…ÙƒÙ† Ø£Ù† ÙŠØµØ¨Ø­ Ù‡Ø°Ø§ Ù‚ÙˆÙŠÙ‹Ø§ Ù„Ø¯Ø±Ø¬Ø© ØªØ¬Ø¹Ù„Ù†Ø§ Ù†Ø´Ø¹Ø± Ø¨Ø§Ù„ÙˆØ­Ø¯Ø© Ø£ÙƒØ«Ø± - Ù…Ù…Ø§ ÙŠØ®Ù„Ù‚ Ø­Ù„Ù‚Ø© Ù…ÙØ±ØºØ©. Ø§Ø­Ø°Ø±ÙˆØ§ Ø§Ù„ÙˆØ­Ø¯Ø©!
#COVID19 #Lebanon #Coronavirus https://t.co/oSslsEw2TC",ar,2020-04-18 02:35:26+00:00,FL,Miami,-80.321683,25.7090404,ÙØ±Ø¶ Ø§Ù„Ø­Ø¬Ø± Ø§Ù„ØµØ­ÙŠ ÙˆØ§Ù„ØªØ¨Ø§Ø¹Ø¯ Ø§Ù„Ø§Ø¬ØªÙ…Ø§Ø¹ÙŠ ÙŠØ¹Ø±Ø¶Ø§Ù†Ù†Ø§ Ù„Ø®Ø·Ø± Ø§Ù„Ø¥ØµØ§Ø¨Ø© Ø¨Ø§Ù„Ø´Ø¹ÙˆØ± Ø¨Ø§Ù„ÙˆØ­Ø¯Ø© ÙˆÙ‡Ø°Ø§ Ù‚Ø¯ ÙŠÙ‚ÙˆØ¯Ù†Ø§ Ø¥Ù„Ù‰ Ø§Ù„ØªØ±ÙƒÙŠØ² Ø¹Ù„Ù‰ Ø§Ù„Ø§Ø´ÙŠØ§Ø¡ Ø¨Ø´ÙƒÙ„ Ø³Ù„Ø¨ÙŠ ÙˆØ§Ù„ØªØ¯Ù‚ÙŠÙ‚ ÙÙŠ Ù†ÙˆØ§ÙŠØ§ Ø§Ù„Ø£Ø´Ø®Ø§Øµ Ø¨Ù‚Ù„Ù‚ ÙŠÙ…ÙƒÙ† Ø£Ù† ÙŠØµØ¨Ø­ Ù‡Ø°Ø§ Ù‚ÙˆÙŠÙ‹Ø§ Ù„Ø¯Ø±Ø¬Ø© ØªØ¬Ø¹Ù„Ù†Ø§ Ù†Ø´Ø¹Ø± Ø¨Ø§Ù„ÙˆØ­Ø¯Ø© Ø£ÙƒØ«Ø± Ù…Ù…Ø§ ÙŠØ®Ù„Ù‚ Ø­Ù„Ù‚Ø© Ù…ÙØ±ØºØ© Ø§Ø­Ø°Ø±ÙˆØ§ Ø§Ù„ÙˆØ­Ø¯Ø© COVID Lebanon Coronavirus
40,40,1250659359551561728,ğŸ‘€ https://t.co/NHzQYg7biV,und,2020-04-16 05:36:42+00:00,MA,Boston,-71.191421,42.227797,
41,41,1252225180761456645,"@LebronNyre @jwu91 @AnotherNBAFan In covid-19 era, rent has been suspended so ... ğŸ˜‰",en,2020-04-20 13:18:42+00:00,USA,Delaware,-75.7887564,38.4510398,LebronNyre jwu AnotherNBAFan In covid era rent suspended 
42,42,1246286854925795328,Itâ€™s amazing how a lawsuit is what made them stop lying. https://t.co/vmINHwOHkX,en,2020-04-04 04:01:55+00:00,LA,Slidell,-89.853527,30.235705,Itâ€™s amazing lawsuit made stop lying
43,43,1250838731067711488,Ugh.... when the chaos is heavy... and the #FedEx guy drops your #boxycharm!! #NotAllHeroesWearCapes #reallife #momlife #sparkuliemrs #StayAtHome #COVID19 @boxycharm #elemis #illuminati #hankandhenry #benefitcosmetics #lavish #excited https://t.co/55EP6X3sLj,en,2020-04-16 17:29:27+00:00,MI,Cutlerville,-85.703328,42.805038,Ugh chaos heavy FedEx guy drop boxycharm NotAllHeroesWearCapes reallife momlife sparkuliemrs StayAtHome COVID boxycharm elemi illuminati hankandhenry benefitcosmetics lavish excited
44,44,1236136368847212545,"@erininnashville @infinitestrings @short2strings @JeremyKonyndyk From a public health perspective, what matters is making sure we test the cases most likely to be COVID-19 so we can trace and test their contacts. We need to catch even the mild cases so theyâ€™re not allowed to infect others.  https://t.co/gN7OLgbUv7",en,2020-03-07 03:47:31+00:00,WA,Woodinville,-122.1764064,47.723831,erininnashville infinitestrings shortstrings JeremyKonyndyk From public health perspective matter making sure test case likely COVID trace test contact We need catch even mild case theyâ€™re allowed infect others
45,45,1238629901248237568,Well if corona doesnâ€™t quarantine us we have like 60 cans of beans to eat so thatâ€™s going to be interesting,en,2020-03-14 00:55:55+00:00,MN,Minneapolis,-93.329515,44.889964,Well corona doesnâ€™t quarantine u like can bean eat thatâ€™s going interesting
46,46,1255532690499043330,@JLisaJay https://t.co/3JoN9ZCF5S,und,2020-04-29 16:21:34+00:00,NY,Brooklyn,-74.041878,40.570842,JLisaJay
47,47,1235740036219285505,"and another trip canceled due to the Corona Virus, legit skeptical E3 happens at this point",en,2020-03-06 01:32:38+00:00,CA,Temecula,-117.184394,33.447541,another trip canceled due Corona Virus legit skeptical E happens point
48,48,1245798448840019971,WORST YET TO COME? An expert says delayed measures could potentially put Texas in line with current hotspots like New York sooner. #abc13 https://t.co/9BReyUnClw,en,2020-04-02 19:41:10+00:00,TX,Houston,-95.823268,29.522325,WORST YET TO COME An expert say delayed measure could potentially put Texas line current hotspot like New York sooner abc
49,49,1242082065056587777,@realDonaldTrump @nytimes @washingtonpost Youâ€™re doing a great job of destroying us all on your own. Youâ€™re in over your head. #Resign #coronavirus #COVIDIOT,en,2020-03-23 13:33:35+00:00,CA,West Hollywood,-118.3959042,34.075963,realDonaldTrump nytimes washingtonpost Youâ€™re great job destroying u Youâ€™re head Resign coronavirus COVIDIOT
50,50,1246448675007549441,Fun fact: Iâ€™m extremely allergic to dozens of native plants. Every spring I battle an outbreak of contact dermatitis. Whatâ€™s even more awesome is this years scourge coincides with having to spend the majority of myâ€¦ https://t.co/5oAFV6oLpW,en,2020-04-04 14:44:56+00:00,USA,Texas,-106.645646,25.837092,Fun fact Iâ€™m extremely allergic dozen native plant Every spring I battle outbreak contact dermatitis Whatâ€™s even awesome year scourge coincides spend majority myâ€¦
51,51,1252840916655566856,@realDonaldTrump ğŸ¦  ğŸ˜· ğŸ’€ ğŸŒï¸â€â™€ï¸ https://t.co/tnrBQMdG2Aâ›³ï¸,und,2020-04-22 06:05:25+00:00,NM,Albuquerque,-106.7916912,35.0158912,realDonaldTrump    
52,52,1255470489142734848,"Today is the day! We get to open the showroom floor! Come by and see us! Lots to catch up on! ğŸ–¤ These shoes are the best! Inquire within for details. And, today through Saturday, SAVE 19%! We are putting COVID-19â€¦ https://t.co/zZaAQRCgZT",en,2020-04-29 12:14:24+00:00,TN,Morristown,-83.465494,36.136791,Today day We get open showroom floor Come see u Lots catch  These shoe best Inquire within detail And today Saturday SAVE We putting COVIDâ€¦
53,53,1250273551619256321,"8p! Câ€™mon #SouthBay! Letâ€™s give it up for the MDs, PAs, NPs, RNs, LVNs, CNAs, phlebotomists...and even us medical administrators/legal team, who have to constantly keep you abreast of #coronavirus updates. #RedondoBeach #Hermosa #HealthcareHeroes cc @HermosaLocal @EasyReaderNews https://t.co/l0Im7PtJKg",en,2020-04-15 04:03:38+00:00,CA,Redondo Beach,-118.4019312,33.814689,p Câ€™mon SouthBay Letâ€™s give MDs PAs NPs RNs LVNs CNAs phlebotomistsand even u medical administratorslegal team constantly keep abreast coronavirus update RedondoBeach Hermosa HealthcareHeroes cc HermosaLocal EasyReaderNews
54,54,1254123034778259458,"The world is looking up and shouting, ""Save us!""

#MaskOn #CoronaVirus #QuarantineLife #RorschachTest
https://t.co/PRByazHHP2 https://t.co/k4NH2I3pen",en,2020-04-25 19:00:06+00:00,TX,Missouri City,-95.586805,29.506247,The world looking shouting Save u MaskOn CoronaVirus QuarantineLife RorschachTest
55,55,1257056137658003456,"Our tax pros can prepare your tax return by phone, email or virtual conferencing. You can be at home to avoid the spread of COVID-19 and getting your taxes done. ğŸ˜€ğŸ’°ğŸ‘. #taxrefund #stimulus #irs #business #espaÃ±ol #taxes #taxseason #july15 #taxexpert https://t.co/xfQCjma3Wi",en,2020-05-03 21:15:12+00:00,CA,West Whittier,-118.088985,33.960119,Our tax pro prepare tax return phone email virtual conferencing You home avoid spread COVID getting tax done  taxrefund stimulus irs business espaÃ±ol tax taxseason july taxexpert
56,56,1256735201516027912,The fuck? https://t.co/Cn8oOdYZFN,en,2020-05-02 23:59:55+00:00,TX,Tyler,-95.414773,32.221406,The fuck
57,57,1231567098125541377,@kathy_markovich @Elsie_Mandel Did you read The Wanderers? It's a great story and eerrily prescient about the corona virus. It will spread rapidly but it doesn't appear lethal enough to have a material impact on population.,en,2020-02-23 13:10:52+00:00,CA,Auburn,-121.1214201,38.859561,kathymarkovich ElsieMandel Did read The Wanderers Its great story eerrily prescient corona virus It spread rapidly doesnt appear lethal enough material impact population
58,58,1252417791488954372,Some serious shade... https://t.co/QzqbE8leMV,en,2020-04-21 02:04:04+00:00,WA,Bellevue,-122.2232093,47.5349648,Some serious shade
59,59,1243199146472939520,We are failing everyone but especially our healthcare workers #TrumpLiedPeopleDie https://t.co/HzRRNA71gG,en,2020-03-26 15:32:28+00:00,NY,Brooklyn,-74.041878,40.570842,We failing everyone especially healthcare worker TrumpLiedPeopleDie
60,60,1253766268370501634,Disgusting https://t.co/mSeIDUIac3,en,2020-04-24 19:22:26+00:00,USA,Ohio,-84.8203089,38.403186,Disgusting
61,61,1248117966316744705,"Letter to the Los Angeles County Department of Health Services Regarding COVID-19 Quarantine and Isolation Facility

The City of Bell Gardens has sent a letter to the County of Los Angeles Department of Healthâ€¦ https://t.co/W0ojXyPv43",en,2020-04-09 05:18:06+00:00,CA,Bell Gardens,-118.1707483,33.9518881,Letter Los Angeles County Department Health Services Regarding COVID Quarantine Isolation Facility The City Bell Gardens sent letter County Los Angeles Department Healthâ€¦
62,62,1240321086128095232,"Sean Hannity, top-viewed in primetime cable news, gave #coronavirus a nudge. I've seen mainstream political reporters reverse stories from days earlier, but those were political stories. These segments were about public health &amp; about cheap opportunities to ride Trump's wave. https://t.co/aFbKEqDVii",en,2020-03-18 16:56:05+00:00,SC,Myrtle Beach,-78.991697,33.617059,Sean Hannity topviewed primetime cable news gave coronavirus nudge Ive seen mainstream political reporter reverse story day earlier political story These segment public health amp cheap opportunity ride Trumps wave
63,63,1251381244325134336,"Coronavirus pandemic in the U.S.
April 17: 700,000 cases
April 10: 500,000 cases
April 4:  300,000 cases
Mar 27: 100,000 cases
Mar 19: 10,000 cases
Mar 11: 1,000 cases
Mar 2:  100 cases
Feb 2:  10 cases
Jan 21: 1 case                                        average of 7,777 a day.",en,2020-04-18 05:25:12+00:00,VA,Mount Vernon,-77.140882,38.697083,Coronavirus pandemic US April case April case April case Mar case Mar case Mar case Mar case Feb case Jan case average day
64,64,1256711529531150339,"@alondrabustama @rgshawn Newsflash: Sunlight and humidity kill the coronavirus in the air &amp; on surfaces. So you are less likely to become infected if you are in the sun w social distancing.
Also, people with low vitamin D get the virus more often than those who have enough vitamin D. Sunlight = vit D",en,2020-05-02 22:25:51+00:00,USA,Georgia,-85.605166,30.355644,alondrabustama rgshawn Newsflash Sunlight humidity kill coronavirus air amp surface So le likely become infected sun w social distancing Also people low vitamin D get virus often enough vitamin D Sunlight = vit D
65,65,1242843121446039552,@mbeisen leading the charge during tough times with the @eLife team. ğŸ™ https://t.co/sNsfQ5orYm,en,2020-03-25 15:57:45+00:00,CA,Mountain View,-122.117916,37.3567709,mbeisen leading charge tough time eLife team 
66,66,1245416485876621314,"@fcandido7 @poolsadie @ginnyb3 @RosieBarton The stated concern was that rural areas have less capacity to deal with an outbreak. There is little chance of the Trudeaus remaining at camp if one of the kids get sick. That's the reality. Relax. It gives you one more reason to complain about them &amp; that is your goal, right?",en,2020-04-01 18:23:23+00:00,ME,Augusta,-69.832494,44.290196,fcandido poolsadie ginnyb RosieBarton The stated concern rural area le capacity deal outbreak There little chance Trudeaus remaining camp one kid get sick Thats reality Relax It give one reason complain amp goal right
67,67,1256782200621711363,"Hi Sen. @paulgazelka, you never answered my question. Speaker @kdaudt, same question for you: How many COVID-19 deaths are you aiming for in your district? What's your ideal number? Please and thank you. https://t.co/Yd8MqQJ79D",en,2020-05-03 03:06:41+00:00,MN,St Paul,-93.207783,44.8907521,Hi Sen paulgazelka never answered question Speaker kdaudt question How many COVID death aiming district Whats ideal number Please thank
68,68,1241387081009594370,"Corona Virus Playlist Day 1

https://t.co/oHYjp3ZP2Q",en,2020-03-21 15:31:58+00:00,USA,Georgia,-85.605166,30.355644,Corona Virus Playlist Day
69,69,1251600798687125504,"#Resistance 

Medical experts don't understand the virus, they're trying.

I read yesterday about a Resistor who said her 13 year old cousin just died of Covid-19.

Go figure.  It's a virus, it doesn't discriminate.  Covid-19 is real. https://t.co/cnIp6VfET2",en,2020-04-18 19:57:38+00:00,FL,Winter Springs,-81.326884,28.658956,Resistance Medical expert dont understand virus theyre trying I read yesterday Resistor said year old cousin died Covid Go figure Its virus doesnt discriminate Covid real
70,70,1238177515585392651,"This is why the media is complete and utter shit and is a huge part of the problem. A quick scan and I read 196 to 827...but the word â€œbyâ€ was in front of the 196...which means there were 196 deaths in the last 24 hours. Still bad, but this title is trying to instill more panic. https://t.co/pqqdnqxlYk",en,2020-03-12 18:58:18+00:00,NY,Manhattan,-74.026675,40.683935,This medium complete utter shit huge part problem A quick scan I read but word â€œbyâ€ front which mean death last hour Still bad title trying instill panic
71,71,1249312534097735680,Atlanta couple dies just days apart from COVID-19 https://t.co/bmB3gMDzS2,en,2020-04-12 12:24:53+00:00,GA,Riverdale,-84.4344251,33.520395,Atlanta couple dy day apart COVID
72,72,1243688106408189952,Bill Gates and Mark Zuckerberg are working together to fund research for COVID-19 treatments as t... https://t.co/7FR7rG1a2Y via @Yahoo,en,2020-03-27 23:55:25+00:00,MN,Edina,-93.402474,44.8598201,Bill Gates Mark Zuckerberg working together fund research COVID treatment via Yahoo
73,73,1249770878172377089,"#Mood ğŸ’‹
Just living the #QuaratineLife â—
#ClubQuarantine ğŸ›
#MondayMotivaton ğŸ›
#MotivationMonday ğŸ›
#Mondaythoughts ğŸ›
#MondayVibes ğŸ›
#MondayWisdom ğŸ›
#BeWell ğŸ›
#GetRested ğŸ›
#StayHome 
#StayAtHome 
#StayHealthyAndHappy ğŸ›
#COVID19 ğŸ’® https://t.co/rfvIi1f3HU",en,2020-04-13 18:46:11+00:00,IL,Chicago,-87.940033,41.644102,Mood  Just living QuaratineLife  ClubQuarantine  MondayMotivaton  MotivationMonday  Mondaythoughts  MondayVibes  MondayWisdom  BeWell  GetRested  StayHome StayAtHome StayHealthyAndHappy  COVID 
74,74,1240852077108133888,I suspect a lot of great works of fiction will be inspired by this time. #SilverLining #LosAngelesLockdown #StayHome #QuarentineLife #COVID #Carona #Carona,en,2020-03-20 04:06:03+00:00,NE,Papillion,-96.0781033,41.117927,I suspect lot great work fiction inspired time SilverLining LosAngelesLockdown StayHome QuarentineLife COVID Carona Carona
75,75,1238667632787828736,"Disney really said, Happy COVID-19 https://t.co/cfVr4H2PZc",en,2020-03-14 03:25:51+00:00,USA,Kentucky,-89.57151,36.497129,Disney really said Happy COVID
76,76,1258996461108293633,Night vibes without the homies. Fuck corona ğŸ˜” https://t.co/uJeSXuGk5h,en,2020-05-09 05:45:22+00:00,USA,Arizona,-114.818269,31.3322463,Night vibe without homies Fuck corona 
77,77,1236322156189024259,I work in Lex and they been coughing! Make sure yâ€™all get shirts that â€œCorona got my bihhâ€ https://t.co/7fypzzGRfb,en,2020-03-07 16:05:46+00:00,USA,Kentucky,-89.57151,36.497129,I work Lex coughing Make sure yâ€™all get shirt â€œCorona got bihhâ€
78,78,1233958139323654150,This is some seriously crazy shit https://t.co/PomgvJAVPF,en,2020-03-01 03:32:00+00:00,CT,Weatogue,-72.857197,41.82788,This seriously crazy shit
79,79,1247239049796104192,@CarlG724 https://t.co/AnMHBvR6FA,und,2020-04-06 19:05:36+00:00,WI,Stoughton,-89.29946,42.9041388,CarlG
80,80,1230201235355176966,"""Mx. H!!! You're back!!!! It's been so long and I started to get scared that you got the corona virus!!! And I am glad you didn't!"" -5th grader today
ğŸ˜¬ğŸ¤£ğŸ’€",en,2020-02-19 18:43:25+00:00,MI,Essexville,-83.857413,43.603566,Mx H Youre back Its long I started get scared got corona virus And I glad didnt th grader today 
81,81,1246879019557150721,For a certain amount of time and only close range. It wonâ€™t travel state to state https://t.co/FAkNGAhAYs,en,2020-04-05 19:14:58+00:00,USA,Georgia,-85.605166,30.355644,For certain amount time close range It wonâ€™t travel state state
82,82,1254935284652924929,I havenâ€™t kissed anyone since December and this corona thing wonâ€™t let me kiss anyone in the near future! Iâ€™m about to be the 40 year virgin,en,2020-04-28 00:47:42+00:00,NY,Manhattan,-74.026675,40.683935,I havenâ€™t kissed anyone since December corona thing wonâ€™t let kiss anyone near future Iâ€™m year virgin
83,83,1250919539199508480,"Alert: @robcorddry is doing good online for Covid19 frontliners. Please support. 
https://t.co/9RDq2WoHNR",en,2020-04-16 22:50:33+00:00,CA,Los Angeles,-118.668404,33.704538,Alert robcorddry good online Covid frontliners Please support
84,84,1241817572158271488,Here is the ideal treatment for the idiot: let him go f__k himself. https://t.co/d8bvf5gtbX,en,2020-03-22 20:02:35+00:00,CA,San Francisco,-122.514926,37.708075,Here ideal treatment idiot let go fk
85,85,1256337535917146115,"FDA allows emergency use of remdesivir to treat coronavirus patients after promising study

https://t.co/tNQQ7iL092",en,2020-05-01 21:39:44+00:00,MA,Taunton,-71.1844418,41.836409,FDA allows emergency use remdesivir treat coronavirus patient promising study
86,86,1251425959909232640,Florida and New York https://t.co/7XQ2r50gHr,en,2020-04-18 08:22:53+00:00,PA,Philadelphia,-75.280284,39.871811,Florida New York
87,87,1251732560222142465,ğŸ˜­ğŸ˜­ğŸ˜­ğŸ˜­ğŸ˜­ğŸ˜­ğŸ˜­ https://t.co/4uztZTr0WT,und,2020-04-19 04:41:13+00:00,CA,Lakewood,-118.167821,33.8200574,
88,88,1233826078604414977,First US Corona virus death reported in Washington State!,en,2020-02-29 18:47:15+00:00,WA,Seattle,-122.436232,47.4953154,First US Corona virus death reported Washington State
89,89,1257060437025345539,"Oh but it's a close friend. Sorry, I forgot you can't get/give coronavirus to people you know well. My bad.",en,2020-05-03 21:32:17+00:00,IN,New Albany,-85.884579,38.25708,Oh close friend Sorry I forgot cant getgive coronavirus people know well My bad
90,90,1257812206797721600,"No comment.

Except maybe ""yikes."" https://t.co/SJ2dmAlwBV",en,2020-05-05 23:19:33+00:00,WA,Seattle,-122.436232,47.4953154,No comment Except maybe yikes
91,91,1248236651253575680,"Once a fighter on the court, @emilymaggio has now joined BioMedomics in the fight against COVID-19. Thanks for what you are doing Em! #alwaysacatamount https://t.co/wfoiCofZ9o",en,2020-04-09 13:09:43+00:00,FL,Ocala Ridge,-82.218516,29.186493,Once fighter court emilymaggio joined BioMedomics fight COVID Thanks Em alwaysacatamount
92,92,1237903540544311297,"If anybodyâ€™s going to court this week, just walk in cough your head off and see what happens ğŸ¤ğŸ»ğŸ¤ğŸ»ğŸ¤ğŸ» #COVID19",en,2020-03-12 00:49:37+00:00,USA,Kentucky,-89.57151,36.497129,If anybodyâ€™s going court week walk cough head see happens  COVID
93,93,1238067558290534400,Thatâ€™s a Chet if Iâ€™ve ever seen one https://t.co/Kv8Fu2tfzV,en,2020-03-12 11:41:22+00:00,MD,Silver Spring,-77.064086,38.979735,Thatâ€™s Chet Iâ€™ve ever seen one
94,94,1248672386070671360,"Despite being shut out of WHO, Taiwan has largely succeeded in containing the coronavirus. Even as it faces a second wave of infections, it isâ€¦ https://t.co/IjJBbAQWll",en,2020-04-10 18:01:10+00:00,CA,Los Angeles,-118.668404,33.704538,Despite shut WHO Taiwan largely succeeded containing coronavirus Even face second wave infection isâ€¦
95,95,1235222952393637893,@SassyKadiK Wow! As long as that means he keeps up the $$$ trolling Trump.   And maybe throw some $$ at corona testing.,en,2020-03-04 15:17:55+00:00,NM,Santa Fe,-106.10308,35.586659,SassyKadiK Wow As long mean keep trolling Trump And maybe throw corona testing
96,96,1251416380844302339,"If #Covid_19 is â€œa lieâ€, why is this man wearing a hazmat suit? https://t.co/YLDwPpknEA",en,2020-04-18 07:44:50+00:00,CA,Los Angeles,-118.668404,33.704538,If Covid â€œa lieâ€ man wearing hazmat suit
97,97,1252681184552931328,Incident on #SouthernStateParkway EB at Exit 15 - North Corona Avenue https://t.co/hjSSWlNLVB,en,2020-04-21 19:30:42+00:00,NY,North Valley Stream,-73.726621,40.675855,Incident SouthernStateParkway EB Exit North Corona Avenue
98,98,1249660505507205121,"THIS MORNING: Parks across the city of Dallas will reopen at 7 a.m. this morning after being closed all weekend for the Easter holiday, in an effort to prevent further spread of the coronavirus.

https://t.co/jkQ8F5GwH0",en,2020-04-13 11:27:36+00:00,TX,Irving,-97.034184,32.771786,THIS MORNING Parks across city Dallas reopen morning closed weekend Easter holiday effort prevent spread coronavirus
99,99,1248416383592828928,@ElisaJaffe And the cases of Covid are rising in eastern Washington.,en,2020-04-10 01:03:54+00:00,USA,Washington,-124.848975,45.543542,ElisaJaffe And case Covid rising eastern Washington
100,100,1252800017145884672,ğŸš¨ğŸš¨ğŸš¨ https://t.co/OBKKs0dxGV,und,2020-04-22 03:22:54+00:00,CA,Santa Rosa,-122.779239,38.396779,
101,101,1231074339996352513,"@fingerbIaster Hey Google ""Corona Virus Orgy Jackoff to Completion""",en,2020-02-22 04:32:49+00:00,CA,Los Angeles,-118.668404,33.704538,fingerbIaster Hey Google Corona Virus Orgy Jackoff Completion
102,102,1240237720343064579,Hasta con el COVID-19 se tienen falsos positivos. Todo en la era duque. https://t.co/zxK8l7Sh0s,es,2020-03-18 11:24:49+00:00,NJ,West New York,-74.023591,40.778186,Hasta con el COVID se tienen falsos positivos Todo en la era duque
103,103,1242570676235460608,Why build hospitals when we have large arenas and convention centers currently empty. It seems like a waste of time and money to have the Army Corp of Engineers doing this task. #Coronavirus,en,2020-03-24 21:55:09+00:00,NV,Paradise,-115.2092535,35.984784,Why build hospital large arena convention center currently empty It seems like waste time money Army Corp Engineers task Coronavirus
104,104,1242172985143951360,@FireUpPool Please be safe. Don't push yourself too hard. We are starting to forget that corona isn't the only thing that can hurt us.,en,2020-03-23 19:34:52+00:00,MI,Wixom,-83.559041,42.4928472,FireUpPool Please safe Dont push hard We starting forget corona isnt thing hurt u
105,105,1241742472990142465,"@iiilakppp @LeeHolly81 @realDonaldTrump @nowthisnews Yes there is , it came from China",en,2020-03-22 15:04:10+00:00,FL,Dunnellon,-82.527211,29.044973,iiilakppp LeeHolly realDonaldTrump nowthisnews Yes came China
106,106,1248165853314428928,Well Sweden and the CDC disagree https://t.co/xovIRcqURn,en,2020-04-09 08:28:23+00:00,NV,Henderson,-115.1581427,35.917793,Well Sweden CDC disagree
107,107,1221017171079225344,First hand account from #Wuhan ğŸ‡¨ğŸ‡³... ğŸ˜· https://t.co/oOkA9a6BuZ,en,2020-01-25 10:29:13+00:00,ID,Star,-116.512815,43.6809106,First hand account Wuhan  
108,108,1254127893015171072,https://t.co/5bEcMEvpcw,und,2020-04-25 19:19:24+00:00,CA,Los Angeles,-118.668404,33.704538,
109,109,1238937893034512385,"Pretty much. 
#covid #covid_19 #covÄ±d19 #pandemicpreparedness #pandemicprep #stupidpeople @ Roseburg, Oregon https://t.co/IC458nSfxd",en,2020-03-14 21:19:46+00:00,OR,Roseburg,-123.398205,43.192228,Pretty much covid covid covÄ±d pandemicpreparedness pandemicprep stupidpeople Roseburg Oregon
110,110,1249827644348260352,#TrumpLiesAmericansDie https://t.co/65PFNWl7hO,und,2020-04-13 22:31:45+00:00,MN,Blaine,-93.2675093,45.118886,TrumpLiesAmericansDie
111,111,1243625052580524032,Why self-isolate alone when you can self-isolate with friends? ğŸ’ƒğŸ¾ğŸ•ºğŸ¾ COVID-19 got us out here learning @tiktok_us dances out of boredom ğŸ˜‚ S/O to @KCamp427 for writing such a dope song and jalaiah for inventing such aâ€¦ https://t.co/g7j6UgDROu,en,2020-03-27 19:44:52+00:00,OH,Cincinnati,-84.710722,39.052962,Why selfisolate alone selfisolate friend  COVID got u learning tiktokus dance boredom  SO KCamp writing dope song jalaiah inventing aâ€¦
112,112,1254395137142243328,"Happy Sunday word 2
dmx  giving people the word to comfort them during the #Covid19 pandemic.  @wpgc @radionationdjs #god #sunday #coronavirus #stayconnected #stayhome @ Washington D.C. https://t.co/jlW7bkX11a",en,2020-04-26 13:01:20+00:00,DC,Washington,-77.119401,38.801826,Happy Sunday word dmx giving people word comfort Covid pandemic wpgc radionationdjs god sunday coronavirus stayconnected stayhome Washington DC
113,113,1252462302797815809,"@Mattsdoreen @HellBentVet Pardon me if I say he caught COVID, AND BIT IT... FORGIVE ME IF I DON'T CRY...",en,2020-04-21 05:00:57+00:00,OR,Bend,-121.373464,43.9992252,Mattsdoreen HellBentVet Pardon I say caught COVID AND BIT IT FORGIVE ME IF I DONT CRY
114,114,1244011407307399169,Yes itâ€™s just heartbreaking we r in this situation. https://t.co/iAH2vgq6FA,en,2020-03-28 21:20:06+00:00,FL,South Sarasota,-82.543759,27.269772,Yes itâ€™s heartbreaking r situation
115,115,1246937827830648842,"So many issues, so few adults. https://t.co/hopnGVOCCt",en,2020-04-05 23:08:39+00:00,MI,Grand Rapids,-85.751406,42.883679,So many issue adult
116,116,1254374220437602304,"Not everyone needs to be tested for #COVID-19 as #CDC guidance. 
Those with #mild illness and able to #recover at #home without medical care, donâ€™t need to be tested.",en,2020-04-26 11:38:13+00:00,TX,Brownsville,-97.5800852,25.8587233,Not everyone need tested COVID CDC guidance Those mild illness able recover home without medical care donâ€™t need tested
117,117,1244808069785300995,"I believe he is a Republican who kisses Trump's ass, and may have donated to his campaign. https://t.co/WD2LTd4giz",en,2020-03-31 02:05:45+00:00,USA,Pennsylvania,-80.519851,39.719801,I believe Republican kiss Trumps as may donated campaign
118,118,1252626118001086464,WTF https://t.co/rmUZOR9nRq,und,2020-04-21 15:51:53+00:00,ID,Eagle,-116.416254,43.662859,WTF
119,119,1239379137816641536,I never wanted to eat a Ass so bad https://t.co/7Z2iLI7TcZ,en,2020-03-16 02:33:07+00:00,USA,Georgia,-85.605166,30.355644,I never wanted eat Ass bad
120,120,1237586632338845697,"Amidst all this panic over corona virus, how is the gym still full till closing?",en,2020-03-11 03:50:21+00:00,NY,Queens,-73.962582,40.541722,Amidst panic corona virus gym still full till closing
121,121,1254176098583109632,"Itâ€™s 90Â° out, beautiful day today. I should be at a @Padres game... but instead Iâ€™m waiting in a line to get into @HomeDepot. Stupid #coronavirus!",en,2020-04-25 22:30:58+00:00,CA,Escondido,-117.146102,33.0577819,Itâ€™s Â° beautiful day today I Padres game instead Iâ€™m waiting line get HomeDepot Stupid coronavirus
122,122,1255816761565491201,"Wishes are still coming in though likely postponed due to #COVID19. If able, consider donating to help make a childâ€™s wish come true. @makeawishmaine https://t.co/zx5Xx8lTS9 https://t.co/ADAoMdsR6c",en,2020-04-30 11:10:22+00:00,DC,Washington,-77.119401,38.801826,Wishes still coming though likely postponed due COVID If able consider donating help make childâ€™s wish come true makeawishmaine
123,123,1249940040941285376,i find it funny how everytime another country talks about how america is dealing with COVID19 they bring up the fact that thereâ€™s no universal healthcare,en,2020-04-14 05:58:23+00:00,MD,Kettering,-76.831975,38.873828,find funny everytime another country talk america dealing COVID bring fact thereâ€™s universal healthcare
124,124,1244332917179867136,Thank you @SupCindyChavez for your leadership in protecting our unhoused neighbors! ğŸ™ğŸ½â¤ï¸ https://t.co/oJ9przhTbt,en,2020-03-29 18:37:40+00:00,CA,San Jose,-122.035311,37.193164,Thank SupCindyChavez leadership protecting unhoused neighbor 
125,125,1256000444243025920,Thank you so much for all that you doctors and nurses do for our sick and recovering from COVID19... we appreciate you guys more than you can ever imagine! Thank you to the @benchstonybrook for helping put togetherâ€¦ https://t.co/3gWn0WL1UH,en,2020-04-30 23:20:15+00:00,NY,Stony Brook,-73.151367,40.868719,Thank much doctor nurse sick recovering COVID appreciate guy ever imagine Thank benchstonybrook helping put togetherâ€¦
126,126,1256573252551553025,"Me: ""You're so cute I could eat you up.""

My 6-year-old: ""I'd eat your ribs because there's a lot of meat there and we might need food during Coronavirus.""

Me: https://t.co/W2YXP1qUQE",en,2020-05-02 13:16:24+00:00,MA,Franklin,-71.456408,42.018277,Me Youre cute I could eat My yearold Id eat rib there lot meat might need food Coronavirus Me
127,127,1255191450544988163,"How we make #HealthEquity a national priority of the #COVID19 response, per @UREssien @atheendar:
â˜‘ï¸ Release national data on race, gender, community impact
â˜‘ï¸ Expand Medicaid
â˜‘ï¸ Invest in safety net orgs, partnerships sustainably-CARES Act grants wonâ€™t be enough
âœŠğŸ¾#MedTwitter https://t.co/yAp2lLxYVT",en,2020-04-28 17:45:36+00:00,IL,Chicago,-87.940033,41.644102,How make HealthEquity national priority COVID response per UREssien atheendar  Release national data race gender community impact  Expand Medicaid  Invest safety net orgs partnership sustainablyCARES Act grant wonâ€™t enough MedTwitter
128,128,1253726798937911301,@kylandyoung Honestly it looks pretty good. Maybe move it away from direct light to indirect and see what it does. Her name is: Corona,en,2020-04-24 16:45:36+00:00,CA,West Hollywood,-118.3959042,34.075963,kylandyoung Honestly look pretty good Maybe move away direct light indirect see Her name Corona
129,129,1256774880835645440,It's called payback for us having the greatest president in the world https://t.co/s60pe1pyHT,en,2020-05-03 02:37:35+00:00,USA,Maryland,-79.487651,37.886607,Its called payback u greatest president world
130,130,1239094382697025536,ğŸ˜­ğŸ˜­ğŸ˜­ğŸ˜­ https://t.co/l2F9O9lTmS,und,2020-03-15 07:41:36+00:00,USA,Illinois,-91.51308,36.970298,
131,131,1257831933389819904,"June: Tsunami

July: Godzilla

August: Atlantis is real 

September: A massive hurricane season

October: someone gets nuked

November: Coronavirus wave II: Electric Boogaloo

December: Riots",en,2020-05-06 00:37:56+00:00,PA,West Goshen,-75.600085,39.951961,June Tsunami July Godzilla August Atlantis real September A massive hurricane season October someone get nuked November Coronavirus wave II Electric Boogaloo December Riots
132,132,1237854344633962496,"Officially the most unpredictable, wackiest college basketball season ever. https://t.co/7GngggArjG",en,2020-03-11 21:34:08+00:00,TN,Clarksville,-87.486546,36.4602,Officially unpredictable wackiest college basketball season ever
133,133,1233359636130074624,@disneydoc911 Flu kills .01.  Covid 19 is At 3.2 %.  Admittedly populations affected are different but should not make that much difference.  Remember the Aztecs? What killed them off?,en,2020-02-28 11:53:46+00:00,TX,Austin,-97.928935,30.127892,disneydoc Flu kill Covid At Admittedly population affected different make much difference Remember Aztecs What killed
134,134,1253458813195358208,@UEMSO_FDNY @UEPI2507  @jemsconnect @EMSWorldFans @JustinBrannan @NYCMayor @NYCCouncil EMS deserves better! Fix the pay gap. https://t.co/PpfcfS8v3O,en,2020-04-23 23:00:43+00:00,NY,Brooklyn,-74.041878,40.570842,UEMSOFDNY UEPI jemsconnect EMSWorldFans JustinBrannan NYCMayor NYCCouncil EMS deserves better Fix pay gap
135,135,1254561467883347968,Why canâ€™t we open all the small businessâ€™s and close all the big box stores....theyâ€™re the ones that will make it through this #COVID19,en,2020-04-27 00:02:17+00:00,OR,Altamont,-121.759721,42.141017,Why canâ€™t open small businessâ€™s close big box storestheyâ€™re one make COVID
136,136,1252838420520374272,"More #ClovidCasualties. Fry the frauds who created this #Plandemic #FauciFraud #BirxIsNotCredible
#GatesIsEVIL #WHO #Usaid.||  @QAnon_Report @the0bubb
@CoreysDigs @QAnon_Report https://t.co/aN9mFrQ4VQ",en,2020-04-22 05:55:30+00:00,IN,Terre Haute,-87.460551,39.394564,More ClovidCasualties Fry fraud created Plandemic FauciFraud BirxIsNotCredible GatesIsEVIL WHO Usaid|| QAnonReport thebubb CoreysDigs QAnonReport
137,137,1258573239254757376,@FadeA_WayJ I havenâ€™t had any problems and I been ordering during corona. Lol!,en,2020-05-08 01:43:38+00:00,GA,Atlanta,-84.576827,33.6475029,FadeAWayJ I havenâ€™t problem I ordering corona Lol
138,138,1241354923503226882,Welcome to day eleventy-two #iLostCountAlready of social distancing when kids are grown &amp; you live alone~LOL! ğŸ˜‚ https://t.co/6oYDgDH0Yb via @YouTube #Covid19 #CoronaVirus,en,2020-03-21 13:24:11+00:00,GA,Peachtree City,-84.6261667,33.335655,Welcome day eleventytwo iLostCountAlready social distancing kid grown amp live aloneLOL  via YouTube Covid CoronaVirus
139,139,1242576371995398144,"AND THEYâ€™RE STILL ON TOP OF EACH OTHER!!!!

SIX FEET YOU FUCKING MORON!!!!!! https://t.co/JKnbIuHLbn",en,2020-03-24 22:17:47+00:00,CA,Chico,-121.919174,39.676071,AND THEYâ€™RE STILL ON TOP OF EACH OTHER SIX FEET YOU FUCKING MORON
140,140,1246519160491909120,@SenSchumer Please offer counter covid 19 briefings after Trumps campaign rallies disguised as a briefing,en,2020-04-04 19:25:01+00:00,USA,Florida,-87.634643,24.396308,SenSchumer Please offer counter covid briefing Trumps campaign rally disguised briefing
141,141,1254760033407119360,"@TonyFratto They don't get MMT with COVID-19.  Congress must open up funding now.  @DevinNunes 
https://t.co/dcDAJ1yU2g",en,2020-04-27 13:11:18+00:00,,,0.0,0.0,TonyFratto They dont get MMT COVID Congress must open funding DevinNunes
142,142,1238118007232237571,@NBCNightlyNews @PattersonNBC â€œCoronavirus: Why You Must Act Nowâ€ by Tomas Pueyo https://t.co/WNfFXRIXj1,en,2020-03-12 15:01:50+00:00,IL,Oak Lawn,-87.798798,41.68331,NBCNightlyNews PattersonNBC â€œCoronavirus Why You Must Act Nowâ€ Tomas Pueyo
143,143,1238966330239352832,corona is what we deserve https://t.co/FLsjYcxQHp,en,2020-03-14 23:12:46+00:00,NY,Manhattan,-74.026675,40.683935,corona deserve
144,144,1249059088899674113,"@realDonaldTrump  @FLOTUS U.S. reports more coronavirus deaths than any other country. Here is something you can brag about, being at the top!! https://t.co/5b1blYATw4",en,2020-04-11 19:37:47+00:00,WA,Kennewick,-119.2648184,46.162262,realDonaldTrump FLOTUS US report coronavirus death country Here something brag top
145,145,1254929987255164928,You let 100k a day ride the transit and thats what u get https://t.co/MH6s33x7HB,en,2020-04-28 00:26:39+00:00,CA,Orange,-117.904717,33.77319,You let k day ride transit thats u get
146,146,1246987928728793088,ğŸŒºğŸ‡ºğŸ‡¸ https://t.co/4FyrSIitoP,und,2020-04-06 02:27:44+00:00,CA,Los Angeles,-118.668404,33.704538,
147,147,1255134622255419393,"Anne Arundel County Chinese community crowdsource donations, secure thousands of PPE for local hospital https://t.co/baQ9Z5dUKI",en,2020-04-28 13:59:47+00:00,MD,Maryland City,-76.84036,39.067793,Anne Arundel County Chinese community crowdsource donation secure thousand PPE local hospital
148,148,1248452540548579331,"As we continue to #StayAtHome today for our weekly seminar we discussed on â€œsocial determinants of diseaseâ€. 

Looking at the data #COVID-19 is hitting hard the #AfricanAmerican. #USA 

We discussed the gaps and possible recommendation. 

#socialdistancing #StayHome 
@DrTsion https://t.co/aDJl7IBYDw",en,2020-04-10 03:27:35+00:00,NY,Bronx,-73.933612,40.785365,As continue StayAtHome today weekly seminar discussed â€œsocial determinant diseaseâ€ Looking data COVID hitting hard AfricanAmerican USA We discussed gap possible recommendation socialdistancing StayHome DrTsion
149,149,1258053966199308288,Where â€œrantâ€ = common sense. https://t.co/GAjP441HZX,en,2020-05-06 15:20:13+00:00,WA,Seattle,-122.436232,47.4953154,Where â€œrantâ€ = common sense
150,150,1237746662816301056,everybody getting shut down from corona and what iâ€™m doing? getting dressed for work. i hate it here ğŸ˜©,en,2020-03-11 14:26:15+00:00,TX,Houston,-95.823268,29.522325,everybody getting shut corona iâ€™m getting dressed work hate 
151,151,1249110968178626562,N95 supplier as shown in photo https://t.co/nyP0eT7sok,en,2020-04-11 23:03:56+00:00,NY,Queens,-73.962582,40.541722,N supplier shown photo
152,152,1246302796703555584,"Bill Maher telling Seth McFarland that he wasnâ€™t worried about the coronavirus and he immediately starts coughing 
@RealTimers https://t.co/1iADfIWhsE",en,2020-04-04 05:05:16+00:00,CO,Denver,-105.109815,39.614151,Bill Maher telling Seth McFarland wasnâ€™t worried coronavirus immediately start coughing RealTimers
153,153,1242946481088344068,"CPI is a designated Essential Critical Infrastructure company. We're here to serve you. Click to learn more about CPI's COVID-19 response.

https://t.co/lDhsVjLx1Z https://t.co/2XfllNyIgE",en,2020-03-25 22:48:28+00:00,NC,Charlotte,-81.046876,35.001706,CPI designated Essential Critical Infrastructure company Were serve Click learn CPIs COVID response
154,154,1250651499606261762,ğŸ˜¢ğŸ˜¢ğŸ’”ğŸ’” https://t.co/tq8YBvxtjm,und,2020-04-16 05:05:28+00:00,WI,Oak Creek,-87.951617,42.83611,
155,155,1243178959195394048,"'America on its knees: Unemployment soars to 3.3million after three MILLION new claims are filed in just one week - four times the 1982 record - as coronavirus cripples the economy.'
https://t.co/mKbBAvSk8s",en,2020-03-26 14:12:15+00:00,CA,Los Angeles,-118.668404,33.704538,America knee Unemployment soar million three MILLION new claim filed one week four time record coronavirus cripple economy
156,156,1254353710425219072,Iâ€™m ready for COVID to be over so I can work with our regular NPs and regular residents. These â€œredeployedâ€ ones are 1. Driving me nuts. 2. Have maybe spend a couple weeks in the ICU and 3. I want them to go back to their specialty so they can learn,en,2020-04-26 10:16:43+00:00,MI,Royal Oak,-83.204418,42.474131,Iâ€™m ready COVID I work regular NPs regular resident These â€œredeployedâ€ one Driving nut Have maybe spend couple week ICU I want go back specialty learn
157,157,1246934660686532608,Damnn CAROLE BASKIN https://t.co/MspW4PyARz,ht,2020-04-05 22:56:04+00:00,TX,San Antonio,-98.778559,29.141956,Damnn CAROLE BASKIN
158,158,1238825971932938242,#CoronaVirusUpdates #Covid_19PH #coronavirus #Navy #Submarines #isolationessentials #selfisolating https://t.co/4BHPNNdyMz,und,2020-03-14 13:55:02+00:00,IN,South Bend,-86.385306,41.598756,CoronaVirusUpdates CovidPH coronavirus Navy Submarines isolationessentials selfisolating
159,159,1247696912377053184,Oh no https://t.co/b2pF1L3Plz,en,2020-04-08 01:24:59+00:00,USA,North Carolina,-84.3219475,33.752879,Oh
160,160,1246879241502887939,@pwintherhansen @juggy19 @wjpatton @CFieldofDreams @MikeAre2 @AlexBerenson @IHME_UW https://t.co/z5uwfIGbva,und,2020-04-05 19:15:51+00:00,IL,Chicago,-87.940033,41.644102,pwintherhansen juggy wjpatton CFieldofDreams MikeAre AlexBerenson IHMEUW
161,161,1247297006713929729,Facts !!! https://t.co/hF6q3gvBo9,en,2020-04-06 22:55:54+00:00,NY,Queens,-73.962582,40.541722,Facts
162,162,1249156091021266946,The rural areas are most exposed to our #HomicidalHealthCrime industry. https://t.co/AQh9JvqE2q,en,2020-04-12 02:03:14+00:00,MN,Maplewood,-93.1059554,44.8907728,The rural area exposed HomicidalHealthCrime industry
163,163,1238596195309797383,"... There was a wonderful paper published that analyzed data regarding the Spanish flu in 1918, examining proactive versus reactive school closures. When did [regional] authorities close the schools relative to when the epidemic was spiking?",en,2020-03-13 22:41:59+00:00,NC,Weddington,-80.7676688,34.957719,There wonderful paper published analyzed data regarding Spanish flu examining proactive versus reactive school closure When regional authority close school relative epidemic spiking
164,164,1246770358390108160,https://t.co/umxM2ovshS,und,2020-04-05 12:03:11+00:00,AZ,Phoenix,-112.3239143,33.29026,
165,165,1249569621243572229,https://t.co/JQgl8WNqfM https://t.co/CXIU5UFLhA,und,2020-04-13 05:26:28+00:00,FL,Davie,-80.369507,26.0295373,
166,166,1235226348106297344,So much for transparency. https://t.co/ALBaAuqLXH,en,2020-03-04 15:31:25+00:00,CA,San Francisco,-122.514926,37.708075,So much transparency
167,167,1238201637413453829,if you ever lived in a juco softball house you are automatically immune to the corona virus,en,2020-03-12 20:34:09+00:00,TN,Rockwood,-84.707032,35.829737,ever lived juco softball house automatically immune corona virus
168,168,1252311171614547970,Mic Check Time ğŸ™ Time Is Now! Canâ€™t wait for you all to know what I am working on in the midst of this pandemic. Feeling to blessed to be stressed. ğŸ™ğŸ½â¤ï¸ #AlisaReyes #RSA #justhavetowaitandsee #grateful #excitedâ€¦ https://t.co/nNd3zszrHj,en,2020-04-20 19:00:24+00:00,CA,Los Angeles,-118.668404,33.704538,Mic Check Time  Time Is Now Canâ€™t wait know I working midst pandemic Feeling blessed stressed  AlisaReyes RSA justhavetowaitandsee grateful excitedâ€¦
169,169,1257376627400589312,#ReportPeta for showing violent pictures &amp; threatening the removal of our food. Itâ€™s violent &amp; hateful that they are promoting the removal of our ancestral food sources from the food supply chain. In this Covid climate it may cause mental distress or worse to ancestral eaters. https://t.co/K7NP0xag1n,en,2020-05-04 18:28:43+00:00,WY,Rawlins,-107.2685092,41.764552,ReportPeta showing violent picture amp threatening removal food Itâ€™s violent amp hateful promoting removal ancestral food source food supply chain In Covid climate may cause mental distress worse ancestral eater
170,170,1234206570323406848,@kay_may1 You bet! Iâ€™ve got plenty of corona beer!,en,2020-03-01 19:59:11+00:00,AZ,Gilbert,-111.842244,33.204608,kaymay You bet Iâ€™ve got plenty corona beer
171,171,1253450965170245633,"I donâ€™t know how I actually feel right now but I felt such a sense of relief to hear my uncles voice over the phone, he recently recovered from COVID-19 and to know heâ€™s doing better is a blessing.",en,2020-04-23 22:29:32+00:00,NY,Brentwood,-73.295325,40.754764,I donâ€™t know I actually feel right I felt sense relief hear uncle voice phone recently recovered COVID know heâ€™s better blessing
172,172,1240542617433247744,This a little shaky https://t.co/lljygvKEBL,en,2020-03-19 07:36:22+00:00,AR,Morrilton,-92.7842359,35.1268004,This little shaky
173,173,1244539079783563267,"ApÃ³s mais um dia de inÃºmeros casos de pessoas confirmadas com o coronavirus, o presidente Trump anunciou no domingo uma extensÃ£o da orientaÃ§Ã£o federal sobre distanciamento social atÃ© 30 de Abril. Aqui na FlÃ³rida, vocÃª deve ficar em casa das 22 Ã s 5 da manhÃ£ - Isso Ã© lei!",pt,2020-03-30 08:16:53+00:00,FL,Pembroke Pines,-80.442683,25.992486,ApÃ³s mais um dia de inÃºmeros casos de pessoas confirmadas com coronavirus presidente Trump anunciou domingo uma extensÃ£o da orientaÃ§Ã£o federal sobre distanciamento social atÃ© de Abril Aqui na FlÃ³rida vocÃª deve ficar em casa da Ã s da manhÃ£ Isso Ã© lei
174,174,1242227364232400896,WTH??? Is this real life ??? https://t.co/bSyXPRP8xm,en,2020-03-23 23:10:57+00:00,TX,Austin,-97.928935,30.127892,WTH Is real life
175,175,1257472656477167619,"COVID update.  Family is using tuning app to check ability to hit specific notes on a beer bottle.  Itâ€™s going well, Iâ€™d say.",en,2020-05-05 00:50:18+00:00,NC,Apex,-78.915463,35.678557,COVID update Family using tuning app check ability hit specific note beer bottle Itâ€™s going well Iâ€™d say
176,176,1233215236431368194,"@POTUS are the G20 companies locking arms, committing their best scientist and health experts together to accelerate finding a vaccine for the Corona Virus?  If not, why?  Leaders lead in times of crises!  #coronavirusus",en,2020-02-28 02:19:59+00:00,NJ,Millburn,-74.372452,40.7133021,POTUS G company locking arm committing best scientist health expert together accelerate finding vaccine Corona Virus If Leaders lead time crisis coronavirusus
177,177,1250795722821251074,Argue the timeline. https://t.co/CKcPtjZvQG,en,2020-04-16 14:38:33+00:00,MI,Grandville,-85.782296,42.873971,Argue timeline
178,178,1244476844440772622,@GovernorVA Please do what you can to get Virginians to #StayHome. So many people are out and about and NOT adhering to social distancing. There are 2 epidemics hereâ€” COVID19 and stupidity. Please lock down the state instead of relying on people to do the right thing.,en,2020-03-30 04:09:35+00:00,,,0.0,0.0,GovernorVA Please get Virginians StayHome So many people NOT adhering social distancing There epidemic hereâ€” COVID stupidity Please lock state instead relying people right thing
179,179,1252788487180279808,"No one:

Not a single person:

Literally not even the Corona virus protestors:

My mom: so I rinsed bleach in my mouth today.",en,2020-04-22 02:37:05+00:00,CA,Wildomar,-117.308832,33.575507,No one Not single person Literally even Corona virus protestors My mom I rinsed bleach mouth today
180,180,1237790465484701696,"With this whole Coronavirus thing, itâ€™s a really great time to not have health insurance ğŸ˜¬",en,2020-03-11 17:20:18+00:00,CA,Camp Pendleton South,-117.403702,33.2070159,With whole Coronavirus thing itâ€™s really great time health insurance 
181,181,1245890669849145344,"POLITICO: Justice Department will send seized medical supplies to New York, New Jersey.
https://t.co/w9WMfgfnxy

via @GoogleNews",en,2020-04-03 01:47:37+00:00,CA,Los Osos,-120.8621715,35.2977847,POLITICO Justice Department send seized medical supply New York New Jersey via GoogleNews
182,182,1244121868090486787,Liquor sales up 40% in B.C. during COVID-19 scare https://t.co/XDUhcIOPo5,en,2020-03-29 04:39:02+00:00,WA,Tulalip Bay,-122.297028,48.038816,Liquor sale BC COVID scare
183,183,1247945521873989633,"If the Legislature has to deal with voting issues (for example, expanding absentee voting qualifications), House budget chairman @murrellsmith says theyâ€™ll come back. But as it stands right now, the CR does not include that language as I wrote here. https://t.co/EWzRgb7Xxy",en,2020-04-08 17:52:52+00:00,USA,South Carolina,-83.353955,32.04683,If Legislature deal voting issue example expanding absentee voting qualification House budget chairman murrellsmith say theyâ€™ll come back But stand right CR include language I wrote
184,184,1239371097369391105,I needed this laugh. ğŸ¤£ğŸ˜‚ğŸ¤£ğŸ’€ https://t.co/VE2rTeTyDe,en,2020-03-16 02:01:10+00:00,MO,Kansas City,-94.733122,38.868002,I needed laugh 
185,185,1238497784820453376,My tourney got canceled cause of the corona virus ğŸ¦ ğŸ¥º,en,2020-03-13 16:10:56+00:00,CA,Covina,-117.927041,34.068114,My tourney got canceled cause corona virus 
186,186,1235985717358018566,Tony starks @Iron_Man would have already figured out how to stop this corona virus just saying.,en,2020-03-06 17:48:53+00:00,USA,Nevada,-120.00574,35.002086,Tony starks IronMan would already figured stop corona virus saying
187,187,1237012687676157952,"The #marketcrash might be a bit sensational, but there are real underlying concerns related to Corona virus, the energy sector and the airline industry. 

This kind of market volatility is going to become the norm. We are dealing with a fickle investor class.

#SP500",en,2020-03-09 13:49:41+00:00,USA,Virginie,-83.67529,36.540739,The marketcrash might bit sensational real underlying concern related Corona virus energy sector airline industry This kind market volatility going become norm We dealing fickle investor class SP
188,188,1244045221383585793,Bro has anyone elseâ€™s WiFi/signal been randomly slowing down ever since this while coronavirus thing started?,en,2020-03-28 23:34:28+00:00,USA,Kansas,-102.051769,36.9931101,Bro anyone elseâ€™s WiFisignal randomly slowing ever since coronavirus thing started
189,189,1237899861338361859,I heard about that it sucks https://t.co/u2YRXqoj51,en,2020-03-12 00:35:00+00:00,TX,Houston,-95.823268,29.522325,I heard suck
190,190,1257267291923910656,i did not think she sounded like this https://t.co/Nw6zVICZqP,en,2020-05-04 11:14:15+00:00,USA,Maryland,-79.487651,37.886607,think sounded like
191,191,1238667847150317569,Day 1 of staying home bc of corona: Iâ€™m bored &amp; willing to risk my life to go outside,en,2020-03-14 03:26:42+00:00,TX,Dallas,-96.977527,32.620678,Day staying home bc corona Iâ€™m bored amp willing risk life go outside
192,192,1253099818425044992,"â—ï¸â—ï¸â—ï¸

Results: 

34 of 1,946 patients positive for IgG (1.75%)

49 of 1,598 positive for COVID-19 on PCR (3.1%)",en,2020-04-22 23:14:12+00:00,USA,Idaho,-117.243028,41.987982, Results patient positive IgG positive COVID PCR
193,193,1246862342630961152,ğŸ˜· shoutout al gore for making the internet fr ğŸ’» #covid19 #socialdistancingparty @ Zoom Call https://t.co/pbhKp6vGGB,en,2020-04-05 18:08:42+00:00,NY,Queens,-73.962582,40.541722, shoutout al gore making internet fr  covid socialdistancingparty Zoom Call
194,194,1244682546165633024,"but yeah what a headache corona is. 3 photo tours cancelled in sf, austin &amp; dallas - 2 cancelled weddings and one pending in florida for may that who knows. had 2 big campaigns that are getting moved. one i was so excited for. this suuuucks but we are collectively togetherğŸŒ¹",en,2020-03-30 17:46:58+00:00,CA,Los Angeles,-118.668404,33.704538,yeah headache corona photo tour cancelled sf austin amp dallas cancelled wedding one pending florida may know big campaign getting moved one excited suuuucks collectively together
195,195,1253738766176595968,I donâ€™t think so https://t.co/N08IYAFdIA,en,2020-04-24 17:33:09+00:00,FL,Destin,-86.5157712,30.37865,I donâ€™t think
196,196,1256568282699698176,"Trump. The Christian expert. He told me,""Of course I know the Trinity. It's The Father, Son, and Casper, the friendly Ghost."" I gave him a Bible. All he did was eat the covers. https://t.co/pRvlaZoOV5",en,2020-05-02 12:56:39+00:00,FL,Davie,-80.369507,26.0295373,Trump The Christian expert He told meOf course I know Trinity Its The Father Son Casper friendly Ghost I gave Bible All eat cover
197,197,1248436834931077124,@OKC_Czarina Girl I get back from being stuck in all this military shit for 6 months and I canâ€™t even get dicked down due to this corona shit,en,2020-04-10 02:25:10+00:00,MO,Fort Leonard Wood,-92.156058,37.692152,OKCCzarina Girl I get back stuck military shit month I canâ€™t even get dicked due corona shit
198,198,1247562980407087104,"UPDATE (Tuesday, April 7 at 12 p.m.) Georgia has 8,818 confirmed COVID-19 cases. 1,774 people are hospitalized and there are 329 confirmed COVID-19 related deaths. 

â€¢ Total tests: 33,713
â€¢ Positive tests: 8,818 (26%) https://t.co/NHww7AwDYi",en,2020-04-07 16:32:47+00:00,GA,Macon,-83.786106,32.7528097,UPDATE Tuesday April pm Georgia confirmed COVID case people hospitalized confirmed COVID related death â€¢ Total test â€¢ Positive test
199,199,1237038737453764610,Stock market collapsing + Corona. #TakeMeAway #TeamSensitive #Calgon @visitmontana https://t.co/aoGOh2DDZI,en,2020-03-09 15:33:12+00:00,USA,Montana,-116.050004,44.35821,Stock market collapsing + Corona TakeMeAway TeamSensitive Calgon visitmontana
200,200,1251597871520067589,I love cruises in fact I would be on one now to Ancient European Cities but as a Boomer flying and cruising no longer seen safe options. https://t.co/4fUqDbzstE,en,2020-04-18 19:46:00+00:00,NY,Queens,-73.962582,40.541722,I love cruise fact I would one Ancient European Cities Boomer flying cruising longer seen safe option
201,201,1245054094252937218,ANYTHING TO HAVE ONE MORE GAME! https://t.co/34uBXeP9yF,en,2020-03-31 18:23:22+00:00,FL,Bloomingdale,-82.29976,27.857254,ANYTHING TO HAVE ONE MORE GAME
202,202,1252639296458276865,Turns out the drug every scientist said was dangerous and deadly is dangerous and deadly. https://t.co/ghIhMolTIw,en,2020-04-21 16:44:15+00:00,VA,Reston,-77.393246,38.90861,Turns drug every scientist said dangerous deadly dangerous deadly
203,203,1239026694712893440,ğŸ˜®ğŸ˜µğŸ˜· https://t.co/HgRyHO0tzy,und,2020-03-15 03:12:38+00:00,GA,Covington,-83.891081,33.569455,
204,204,1249863006412058625,@MitchAlbom https://t.co/f8qXxYAl78,und,2020-04-14 00:52:16+00:00,MI,Walled Lake,-83.5030288,42.525394,MitchAlbom
205,205,1251128218469511168,Covid-19: Survie Cameroun dÃ©voilÃ© au grand jour https://t.co/xBbMSEMCvG https://t.co/wP2qI8fXto,fr,2020-04-17 12:39:46+00:00,PA,Lemoyne,-76.9159484,40.234863,Covid Survie Cameroun dÃ©voilÃ© au grand jour
206,206,1234978521212018688,"@207MikeD @PubliusLobster @ChaosHomestead @dad_liams @svagdis Research how many pediatricians, ob/gyns, internists, RNs, and other healthcare professionals now realize the harm done by vaccine mandates. That CDC vaccine schedule isnâ€™t one size fits all. Docs report their unvaccinated patients are much healthier than their vaxed ones.",en,2020-03-03 23:06:38+00:00,TX,Austin,-97.928935,30.127892,MikeD PubliusLobster ChaosHomestead dadliams svagdis Research many pediatrician obgyns internist RNs healthcare professional realize harm done vaccine mandate That CDC vaccine schedule isnâ€™t one size fit Docs report unvaccinated patient much healthier vaxed one
207,207,1238673337171263488,Fuckin millennials https://t.co/UvudtyLvSs,en,2020-03-14 03:48:31+00:00,TX,Fort Worth,-97.538285,32.569477,Fuckin millennials
208,208,1253868487698571264,"Virtual Volunteer Week. Picked up and recycled these beauties, then picked up a bucket of micro plastics from the beach. #respondwithaloha  kahukunhs khisactivities Support the Aloha+ Challenge amid COVID-19 crisis.â€¦ https://t.co/U4FHOZRquv",en,2020-04-25 02:08:37+00:00,HI,Hauula,-157.930957,21.595677,Virtual Volunteer Week Picked recycled beauty picked bucket micro plastic beach respondwithaloha kahukunhs khisactivities Support Aloha+ Challenge amid COVID crisisâ€¦
209,209,1246229351202533377,"Staggering update tonight: 98% of the coronavirus patients in the intensive care unit are on ventilators at New York Presbyterianâ€™s Columbia University Irving Medical Center, the chair of the department of surgery says. https://t.co/JpvHRf481f",en,2020-04-04 00:13:25+00:00,NY,Manhattan,-74.026675,40.683935,Staggering update tonight coronavirus patient intensive care unit ventilator New York Presbyterianâ€™s Columbia University Irving Medical Center chair department surgery say
210,210,1255307351818735616,Enchilada casserole and Corona light for dinner ğŸ¤¤ğŸ¤¤ğŸ¤¤,en,2020-04-29 01:26:09+00:00,TX,San Benito,-97.684281,26.07277,Enchilada casserole Corona light dinner 
211,211,1241969003884679168,Coronavirus stimulus bill fails to move forward; McConnell cites 'obstruction' https://t.co/ZJCMMVF1fK,en,2020-03-23 06:04:19+00:00,TX,Fort Worth,-97.538285,32.569477,Coronavirus stimulus bill fails move forward McConnell cite obstruction
212,212,1244531060173615104,"ğŸ„ğŸ»Pre Covid-19 SUP session ğŸ„ğŸ»â€â™‚ï¸ 
with my friend Josh! 
.
.
.
#sundayfunday #sup #standuppaddleboard #fitfam #thisfunkyhouse #thinkstatus @ Boise, Idaho https://t.co/8VVwYOH8lv",en,2020-03-30 07:45:01+00:00,ID,Boise,-116.374494,43.510172,Pre Covid SUP session  friend Josh sundayfunday sup standuppaddleboard fitfam thisfunkyhouse thinkstatus Boise Idaho
213,213,1247582848464220161,these strong salvadoran women ğŸ˜­ğŸ’— white people are repulsive https://t.co/ux4wkmyirs,en,2020-04-07 17:51:44+00:00,CA,Los Angeles,-118.668404,33.704538,strong salvadoran woman  white people repulsive
214,214,1238880007575031808,BAE I HATE IT HER!!! Come get me https://t.co/FlrWTYGDJ2,en,2020-03-14 17:29:45+00:00,TX,Tomball,-95.6621438,30.066754,BAE I HATE IT HER Come get
215,215,1256192753463148545,Nicely done West Craven High School https://t.co/nyUGA1kMOx,en,2020-05-01 12:04:26+00:00,WI,Pewaukee,-88.3043916,43.026755,Nicely done West Craven High School
216,216,1249554544717189121,"@myrudy32 Trump is trapped routinely. But slinks out like a masterful, lying snake. Then faster then a speeding bullet, blame the really smartest guy In the room with another News Outlet. https://t.co/a2kdtGbYlo",en,2020-04-13 04:26:33+00:00,MI,Okemos,-84.462435,42.6780392,myrudy Trump trapped routinely But slinks like masterful lying snake Then faster speeding bullet blame really smartest guy In room another News Outlet
217,217,1247661046984302598,"@WhiteHouse Everything that is in the federal government is paid by taxpayers, even the white house is the people house, or used to be, until this unit man was elected thanks to the tricks of redistricting and misinformation.
You are not sending anything. The American people are.
#COVID19",en,2020-04-07 23:02:28+00:00,USA,Kentucky,-89.57151,36.497129,WhiteHouse Everything federal government paid taxpayer even white house people house used unit man elected thanks trick redistricting misinformation You sending anything The American people COVID
218,218,1250604702347284481,I love my people! ğŸ™ŒğŸ¾ https://t.co/nQ6ceMeWxb,en,2020-04-16 01:59:30+00:00,NJ,Maplewood,-74.292588,40.71336,I love people 
219,219,1233507116318674946,I guess this impending plague is necessary https://t.co/DAI6v2q3Dc,en,2020-02-28 21:39:48+00:00,WA,Seattle,-122.436232,47.4953154,I guess impending plague necessary
220,220,1247616529354678274,"Who dat peepin in da window??? #thc #thehideoutclothing #socialdistancing #COVID19 #quarantine #masks #urbanstylez_214 #dallas #numberone #swagshop 
Free Shipping!!
Comes in RED OR BLUE!! @ Urban Stylez https://t.co/lHqJo3pjzP",en,2020-04-07 20:05:34+00:00,TX,Dallas,-96.977527,32.620678,Who dat peepin da window thc thehideoutclothing socialdistancing COVID quarantine mask urbanstylez dallas numberone swagshop Free Shipping Comes RED OR BLUE Urban Stylez
221,221,1257073945678880769,"yâ€™all now a person from my high school in the same post saying they wouldnâ€™t wear masks bc they are a â€œbreeding ground for bacteriaâ€ said they will not be getting the â€œmicrochippedâ€ covid vaccine...sigh...go off karen , go off https://t.co/H25n2Fp4k0",en,2020-05-03 22:25:58+00:00,NC,Cary,-78.9448945,35.6443837,yâ€™all person high school post saying wouldnâ€™t wear mask bc â€œbreeding ground bacteriaâ€ said getting â€œmicrochippedâ€ covid vaccinesighgo karen go
222,222,1259624687241396229,"Sam, youâ€™re asking irrational individuals to rationalize something theyâ€™ve either made up or are spreading an irrational lie.  Itâ€™s the cult mentality. No truth necessary. https://t.co/FGSByrifSP",en,2020-05-10 23:21:42+00:00,USA,Connecticut,-73.727776,40.950918,Sam youâ€™re asking irrational individual rationalize something theyâ€™ve either made spreading irrational lie Itâ€™s cult mentality No truth necessary
223,223,1236843370326220801,"Not aging so well, from the #verystablegenius #DiaperDon #COVIDãƒ¼19 #TrumpVirus #TrumpSlump https://t.co/lzPSyiPWqM",en,2020-03-09 02:36:53+00:00,NY,Queens,-73.962582,40.541722,Not aging well verystablegenius DiaperDon COVID TrumpVirus TrumpSlump
224,224,1259171085704036353,Cherry Health CEO and Board President ADMIT Health Center STAGED a COVID... https://t.co/rGE815f9wN via @YouTube,en,2020-05-09 17:19:15+00:00,HI,Kihei,-156.488217,20.713353,Cherry Health CEO Board President ADMIT Health Center STAGED COVID via YouTube
225,225,1259167981864652805,ğŸ’š https://t.co/2fyBj0YX8H,und,2020-05-09 17:06:55+00:00,TN,Knoxville,-84.19397,35.831436,
226,226,1256588069991374849,That doesnâ€™t bode well for protestors.  Just sayinâ€™. https://t.co/tTSg1hOYtz,en,2020-05-02 14:15:16+00:00,CA,San Marcos,-117.2301723,33.0907611,That doesnâ€™t bode well protestors Just sayinâ€™
227,227,1255845342689591297,Another example that COVID-19 is a dangerous Coronavirus. https://t.co/AmkTNjghiK,en,2020-04-30 13:03:56+00:00,VA,Lake Land'Or,-77.574153,37.999039,Another example COVID dangerous Coronavirus
228,228,1232503861178445824,"The couple had been told nothing else.We in SanAntonio were told we 1.were at NO risk, then2. We were at low risk to Corona. 
Mon, NPR locally sd one infected person was at a local hosp at some point. Never were they supposed to go to local hosp.Then, sd patient moved to ..",en,2020-02-26 03:13:13+00:00,TX,San Antonio,-98.778559,29.141956,The couple told nothing elseWe SanAntonio told were NO risk then We low risk Corona Mon NPR locally sd one infected person local hosp point Never supposed go local hospThen sd patient moved
229,229,1239525485320822785,"Hereâ€™s the take away for students in Greenville County schools:
â–ªï¸E-schooling expected to start by end of the week
â–ªï¸Parents can pick up their kidsâ€™ supplies from schools on Thurs
â–ªï¸The district is still offering two meals a day to any student https://t.co/exbwwImvKZ",en,2020-03-16 12:14:39+00:00,SC,Greenville,-82.434848,34.687331,Hereâ€™s take away student Greenville County school Eschooling expected start end week Parents pick kidsâ€™ supply school Thurs The district still offering two meal day student
230,230,1221469989531799552,man i was finna be salty asf if Corona was really giving niggas a virus i drink them bitches like water ğŸ˜­ğŸ˜­ğŸ˜­ğŸ˜­,en,2020-01-26 16:28:33+00:00,OH,Cleveland,-81.877771,41.392684,man finna salty asf Corona really giving nigga virus drink bitch like water 
231,231,1242056693418205184,"As we each debate the merits of personal responsibility vs sweeping measures, little by little, governments are erring (or acting correctly) on the side of safety for the greater good over personal quality of life.  #COVID19 #coronavirus http://https://t.co/tZOhUlK8fQ",en,2020-03-23 11:52:46+00:00,FL,Miami,-80.321683,25.7090404,As debate merit personal responsibility v sweeping measure little little government erring acting correctly side safety greater good personal quality life COVID coronavirus
232,232,1251291545174708230,"Join us, any discussion is field by great questions. https://t.co/8oRSttsZGW",en,2020-04-17 23:28:46+00:00,MO,Kansas City,-94.733122,38.868002,Join u discussion field great question
233,233,1258881746176704515,Yes yes yes https://t.co/KPTZJX3P51,en,2020-05-08 22:09:31+00:00,USA,Minnesota,-97.239256,43.499362,Yes yes yes
234,234,1233945570605031429,"@rdewald Awesome! And if you have brain capacity and skills, or followers who might, we could also use your help building an anonymous open-source app to help everyone know and limit their exposure to COVID-19. https://t.co/IxLitIiznj https://t.co/qi55BpuuAy",en,2020-03-01 02:42:04+00:00,WA,Woodinville,-122.1764064,47.723831,rdewald Awesome And brain capacity skill follower might could also use help building anonymous opensource app help everyone know limit exposure COVID
235,235,1235013502215041025,"The test for #CoronavirusUSA is called a real-time reverse-transcription polymerase chain reaction (rRT-PCR)
No, you don't need to know that. But @CMDANational Dr. Stevens told me and I wanted to demonstrate I was paying attention 
https://t.co/TicY0xqzhJ",en,2020-03-04 01:25:39+00:00,USA,Tennessee,-90.310298,34.982924,The test CoronavirusUSA called realtime reversetranscription polymerase chain reaction rRTPCR No dont need know But CMDANational Dr Stevens told I wanted demonstrate I paying attention
236,236,1238160666558595072,We are leaving the fate (good OR bad) of the Coronavirus up to these 4 guys. Hope they make/made good decisions on our behalf #WHO @WHO https://t.co/wKUI8qWd5P,en,2020-03-12 17:51:21+00:00,MA,Natick,-71.403412,42.24214,We leaving fate good OR bad Coronavirus guy Hope makemade good decision behalf WHO WHO
237,237,1238187133585637376,@a_m_dodson just go to Ralph's https://t.co/ufnWf4IdKy,en,2020-03-12 19:36:31+00:00,CA,Los Angeles,-118.668404,33.704538,amdodson go Ralphs
238,238,1246220421101486082,Reminder! https://t.co/j5BYlxkzWO,da,2020-04-03 23:37:56+00:00,KY,Louisville,-85.847503,38.108678,Reminder
239,239,1257134429404790784,"You just said: we would have a coronavirus vaccine by the years end. Okay! So that's December 2020, and we will have no side effects whatsoever? https://t.co/PRZTOZU5BQ",en,2020-05-04 02:26:19+00:00,IL,Chicago,-87.940033,41.644102,You said would coronavirus vaccine year end Okay So thats December side effect whatsoever
240,240,1239761998151286786,!!!!! https://t.co/zuR7zwHZdA,und,2020-03-17 03:54:28+00:00,OH,Toledo,-83.694776,41.580375,
